Player,Age,Team,G,GS,MP,FGA,FG_pct,FTA,TRB,AST,stocks,PTS,Value_Billions,Awards,n_awards_won,awards_0,awards_1,awards_2plus,avg_salary_millions,Age_22_26,Age_27_31,Age_32_34,Age_35_plus,Pos_PF,Pos_PG,Pos_SF,Pos_SG
Shai Gilgeous-Alexander,26.0,OKC,76.0,76.0,34.2,21.8,0.519,8.8,5.0,6.4,2.7,32.7,4.35,MVP-1DPOY-10CPOY-8ASNBA1,2,0,0,1,55.3591,1,0,0,0,0,1,0,0
Giannis Antetokounmpo,30.0,MIL,67.0,67.0,34.2,19.7,0.601,10.6,11.9,6.5,2.1,30.4,4.3,MVP-3DPOY-8ASNBA1,1,0,1,0,58.4566,0,1,0,0,1,0,0,0
Nikola Jokić,29.0,DEN,70.0,70.0,36.7,19.5,0.576,6.4,12.7,10.2,2.4,29.6,4.6,MVP-2CPOY-2ASNBA1,1,0,1,0,59.0331,0,1,0,0,0,0,0,0
Luka Dončić,25.0,2TM,50.0,50.0,35.4,20.5,0.45,7.9,8.2,7.7,2.2,28.2,,,0,1,0,0,51.8379,1,0,0,0,0,1,0,0
Anthony Edwards,23.0,MIN,79.0,79.0,36.3,20.4,0.447,6.3,5.7,4.5,1.8,27.6,3.6,MVP-7CPOY-3ASNBA2,1,0,1,0,50.6117,1,0,0,0,0,0,0,1
Jayson Tatum,26.0,BOS,72.0,72.0,36.4,20.3,0.452,6.1,8.7,6.0,1.6,26.8,6.7,MVP-4CPOY-10ASNBA1,1,0,1,0,62.7867,1,0,0,0,1,0,0,0
Kevin Durant,36.0,PHO,62.0,62.0,36.5,18.1,0.527,5.8,6.0,4.2,2.0,26.6,5.43,AS,0,1,0,0,54.7086,0,0,0,1,1,0,0,0
Tyrese Maxey,24.0,PHI,52.0,52.0,37.7,21.0,0.437,5.6,3.3,6.1,2.2,26.3,5.45,CPOY-10,0,1,0,0,42.1764,1,0,0,0,0,1,0,0
Cade Cunningham,23.0,DET,70.0,70.0,35.0,20.8,0.469,5.3,6.1,9.1,1.8,26.1,3.65,MVP-7ASNBA3,1,0,1,0,53.8172,1,0,0,0,0,1,0,0
Jalen Brunson,28.0,NYK,65.0,65.0,35.4,18.5,0.488,6.9,2.9,7.3,1.0,26.0,9.75,MVP-10CPOY-1ASNBA2,2,0,0,1,39.1373,0,1,0,0,0,1,0,0
Paolo Banchero,22.0,ORL,46.0,46.0,34.4,19.8,0.452,8.4,7.5,4.8,1.4,25.9,3.9,,0,1,0,0,40.251,1,0,0,0,1,0,0,0
Devin Booker,28.0,PHO,75.0,75.0,37.3,18.9,0.461,6.4,4.1,7.1,1.1,25.6,5.43,,0,1,0,0,60.8987,0,1,0,0,0,0,0,1
LaMelo Ball,23.0,CHO,47.0,47.0,32.0,21.3,0.405,4.9,4.9,7.4,1.4,25.2,3.8,,0,1,0,0,42.1764,1,0,0,0,0,1,0,0
Damian Lillard,34.0,MIL,58.0,58.0,36.1,17.1,0.448,6.8,4.7,7.1,1.4,24.9,4.3,AS,0,1,0,0,31.9111,0,0,1,0,0,1,0,0
Anthony Davis,31.0,2TM,51.0,51.0,33.5,17.8,0.516,7.2,11.6,3.5,3.4,24.7,,AS,0,1,0,0,58.4566,0,1,0,0,0,0,0,0
Kyrie Irving,32.0,DAL,50.0,50.0,36.1,18.9,0.473,4.3,4.8,4.6,1.8,24.7,5.1,CPOY-10AS,0,1,0,0,39.4913,0,0,1,0,0,0,0,1
Zion Williamson,24.0,NOP,30.0,30.0,28.6,16.9,0.567,8.0,7.2,5.3,2.1,24.6,3.55,,0,1,0,0,42.1665,1,0,0,0,1,0,0,0
Stephen Curry,36.0,GSW,70.0,70.0,32.2,18.0,0.448,4.3,4.4,6.0,1.5,24.5,11.0,MVP-9CPOY-5ASNBA2,1,0,1,0,61.097,0,0,0,1,0,1,0,0
LeBron James,40.0,LAL,70.0,70.0,34.9,18.1,0.513,4.7,7.8,8.2,1.6,24.4,10.0,MVP-6CPOY-7ASNBA2,1,0,1,0,52.6272,0,0,0,1,0,0,1,0
Karl-Anthony Towns,29.0,NYK,72.0,72.0,35.0,16.9,0.526,5.7,12.8,3.1,1.7,24.4,9.75,ASNBA3,1,0,1,0,57.0787,0,1,0,0,0,0,0,0
Victor Wembanyama,21.0,SAS,46.0,46.0,33.2,18.6,0.476,4.1,11.0,3.7,4.9,24.3,4.4,AS,0,1,0,0,15.1226,0,0,0,0,0,0,0,0
Franz Wagner,23.0,ORL,60.0,60.0,33.7,19.4,0.463,5.2,5.7,4.7,1.7,24.2,3.9,,0,1,0,0,44.8476,1,0,0,0,0,0,1,0
Trae Young,26.0,ATL,76.0,76.0,36.0,18.1,0.411,7.4,3.1,11.6,1.4,24.2,5.0,CPOY-4AS,0,1,0,0,47.4835,1,0,0,0,0,1,0,0
Donovan Mitchell,28.0,CLE,71.0,71.0,31.4,18.6,0.443,5.1,4.5,5.0,1.5,24.0,4.8,MVP-5CPOY-9ASNBA1,1,0,1,0,50.1056,0,1,0,0,0,0,0,1
Cam Thomas,23.0,BRK,25.0,23.0,31.2,18.2,0.438,6.0,3.3,3.8,0.7,24.0,5.6,,0,1,0,0,5.9932,1,0,0,0,0,0,0,1
Tyler Herro,25.0,MIA,77.0,77.0,35.4,17.9,0.472,4.2,5.2,5.5,1.1,23.9,5.7,AS,0,1,0,0,32.0,1,0,0,0,0,0,0,1
Joel Embiid,30.0,PHI,19.0,19.0,30.2,16.6,0.444,8.9,8.2,4.5,1.6,23.8,5.45,,0,1,0,0,60.8671,0,1,0,0,0,0,0,0
De'Aaron Fox,27.0,2TM,62.0,62.0,36.1,18.8,0.463,5.1,4.8,6.3,1.9,23.5,,,0,1,0,0,52.0401,0,1,0,0,0,1,0,0
Zach LaVine,29.0,2TM,74.0,74.0,35.2,16.5,0.511,3.9,4.3,4.2,1.0,23.3,,,0,1,0,0,48.2335,0,1,0,0,0,0,0,1
Ja Morant,25.0,MEM,50.0,50.0,30.4,17.8,0.454,6.4,4.1,7.3,1.4,23.2,3.5,,0,1,0,0,42.1665,1,0,0,0,0,1,0,0
James Harden,35.0,LAC,79.0,79.0,35.3,16.4,0.41,7.3,5.8,8.7,2.2,22.8,7.5,MVP-10ASNBA3,1,0,1,0,40.75,0,0,0,1,0,1,0,0
Jaylen Brown,28.0,BOS,63.0,63.0,34.3,17.7,0.463,5.1,5.8,4.5,1.5,22.2,6.7,AS,0,1,0,0,59.047,0,1,0,0,0,0,1,0
DeMar DeRozan,35.0,SAC,77.0,77.0,35.9,17.0,0.477,5.7,3.9,4.4,1.2,22.2,4.45,,0,1,0,0,25.155,0,0,0,1,0,0,1,0
Brandon Ingram,27.0,NOP,18.0,18.0,33.1,18.5,0.465,3.1,5.6,5.2,1.5,22.2,3.55,,0,1,0,0,40.0,0,1,0,0,0,0,1,0
Jaren Jackson Jr.,25.0,MEM,74.0,74.0,29.8,16.4,0.488,5.4,5.6,2.0,2.7,22.2,3.5,DPOY-7ASDEF2,0,1,0,0,48.0,1,0,0,0,0,0,0,0
Norman Powell,31.0,LAC,60.0,60.0,32.6,15.8,0.484,4.4,3.2,2.1,1.4,21.8,7.5,,0,1,0,0,20.4828,0,1,0,0,0,0,0,1
Jalen Williams,23.0,OKC,69.0,69.0,32.4,16.9,0.484,4.3,5.3,5.1,2.3,21.6,4.35,ASNBA3DEF2,1,0,1,0,38.5002,1,0,0,0,0,0,0,1
Kawhi Leonard,33.0,LAC,37.0,37.0,31.9,16.8,0.498,3.3,5.9,3.1,2.1,21.5,7.5,,0,1,0,0,50.15,0,0,1,0,0,0,1,0
Jamal Murray,27.0,DEN,67.0,67.0,36.1,16.7,0.474,3.7,3.9,6.0,1.9,21.4,4.6,,0,1,0,0,51.9614,0,1,0,0,0,1,0,0
Trey Murphy III,24.0,NOP,53.0,51.0,35.0,15.8,0.454,4.3,5.1,3.5,1.8,21.2,3.55,,0,1,0,0,28.0,1,0,0,0,0,0,1,0
RJ Barrett,24.0,TOR,58.0,58.0,32.2,16.9,0.468,5.4,6.3,5.4,1.1,21.1,5.4,,0,1,0,0,28.6607,1,0,0,0,0,0,1,0
CJ McCollum,33.0,NOP,56.0,56.0,32.7,17.9,0.444,3.1,3.8,4.1,1.2,21.1,3.55,,0,1,0,0,30.6667,0,0,1,0,0,1,0,0
Jalen Green,22.0,HOU,82.0,82.0,32.9,17.5,0.423,4.1,4.6,3.4,1.2,21.0,5.9,,0,1,0,0,35.2786,1,0,0,0,0,0,0,1
Brandon Miller,22.0,CHO,27.0,27.0,34.2,18.2,0.403,2.9,4.9,3.6,1.8,21.0,3.8,,0,1,0,0,13.5367,1,0,0,0,0,0,1,0
Darius Garland,25.0,CLE,75.0,75.0,30.7,15.7,0.472,3.4,2.9,6.7,1.3,20.6,4.8,CPOY-6AS,0,1,0,0,42.1665,1,0,0,0,0,1,0,0
Jordan Poole,25.0,WAS,68.0,68.0,29.4,15.5,0.432,4.0,3.0,4.5,1.7,20.5,4.7,,0,1,0,0,32.9464,1,0,0,0,0,0,0,1
Coby White,24.0,CHI,74.0,73.0,33.1,15.1,0.453,4.1,3.7,4.5,1.1,20.4,6.0,,0,1,0,0,12.8889,1,0,0,0,0,0,0,1
Miles Bridges,26.0,CHO,64.0,64.0,31.7,17.0,0.431,4.0,7.5,3.9,1.4,20.3,3.8,,0,1,0,0,23.913,1,0,0,0,1,0,0,0
Austin Reaves,26.0,LAL,73.0,73.0,34.9,14.2,0.46,5.0,4.5,5.8,1.4,20.2,10.0,,0,1,0,0,14.4182,1,0,0,0,0,0,0,1
Pascal Siakam,30.0,IND,78.0,78.0,32.7,15.2,0.519,3.9,6.9,3.4,1.4,20.2,4.2,AS,0,1,0,0,48.9246,0,1,0,0,1,0,0,0
Kristaps Porziņģis,29.0,BOS,42.0,42.0,28.8,13.7,0.483,4.7,6.8,2.1,2.2,19.5,6.7,,0,1,0,0,30.7317,0,1,0,0,0,0,0,0
Scottie Barnes,23.0,TOR,65.0,65.0,32.8,16.4,0.446,4.6,7.7,5.8,2.4,19.3,5.4,,0,1,0,0,44.8476,1,0,0,0,1,0,0,0
Anfernee Simons,25.0,POR,70.0,70.0,32.7,16.1,0.426,2.8,2.7,4.8,1.0,19.3,4.25,,0,1,0,0,27.6786,1,0,0,0,0,0,0,1
Desmond Bane,26.0,MEM,69.0,68.0,32.0,14.8,0.484,2.9,6.1,5.3,1.6,19.2,3.5,,0,1,0,0,40.8063,1,0,0,0,0,0,0,1
Domantas Sabonis,28.0,SAC,70.0,70.0,34.7,12.8,0.59,4.1,13.9,6.0,1.1,19.1,4.45,,0,1,0,0,45.472,0,1,0,0,0,0,0,0
Alperen Şengün,22.0,HOU,76.0,76.0,31.5,15.0,0.496,5.6,10.3,4.9,1.9,19.1,5.9,AS,0,1,0,0,37.0,1,0,0,0,0,0,0,0
John Collins,27.0,UTA,40.0,31.0,30.5,13.3,0.527,4.1,8.2,2.0,2.0,19.0,4.1,,0,1,0,0,26.58,0,1,0,0,1,0,0,0
Lauri Markkanen,27.0,UTA,47.0,47.0,31.4,14.9,0.423,3.9,5.9,1.5,1.1,19.0,4.1,,0,1,0,0,48.967,0,1,0,0,1,0,0,0
Jalen Johnson,23.0,ATL,36.0,36.0,35.7,15.1,0.5,3.5,10.0,5.0,2.6,18.9,5.0,,0,1,0,0,30.0,1,0,0,0,0,0,1,0
Cameron Johnson,28.0,BRK,57.0,57.0,31.6,13.1,0.475,3.9,4.3,3.4,1.3,18.8,5.6,,0,1,0,0,22.0598,0,1,0,0,1,0,0,0
Julius Randle,30.0,MIN,69.0,69.0,32.3,13.6,0.485,4.9,7.1,4.7,0.9,18.7,3.6,,0,1,0,0,33.3333,0,1,0,0,1,0,0,0
Tyrese Haliburton,24.0,IND,73.0,73.0,33.6,13.8,0.473,3.0,3.5,9.2,2.1,18.6,4.2,NBA3,1,0,1,0,50.6117,1,0,0,0,0,1,0,0
Evan Mobley,23.0,CLE,71.0,71.0,30.5,12.8,0.557,4.3,9.3,3.2,2.5,18.5,4.8,MVP-10DPOY-1ASNBA2DEF1,2,0,0,1,53.8172,1,0,0,0,1,0,0,0
Shaedon Sharpe,21.0,POR,72.0,52.0,31.3,15.3,0.452,3.4,4.5,2.8,1.1,18.5,4.25,,0,1,0,0,8.4,0,0,0,0,0,0,0,1
Nikola Vučević,34.0,CHI,73.0,72.0,31.2,14.2,0.53,2.0,10.1,3.5,1.5,18.5,6.0,,0,1,0,0,21.4815,0,0,1,0,0,0,0,0
Collin Sexton,26.0,UTA,63.0,61.0,27.9,13.8,0.48,4.0,2.7,4.2,0.8,18.4,4.1,,0,1,0,0,18.975,1,0,0,0,0,0,0,1
Michael Porter Jr.,26.0,DEN,77.0,77.0,33.7,13.6,0.504,2.5,7.0,2.1,1.1,18.2,4.6,,0,1,0,0,39.5696,1,0,0,0,0,0,1,0
Bam Adebayo,27.0,MIA,78.0,78.0,34.3,14.3,0.485,4.2,9.6,4.3,2.0,18.1,5.7,DPOY-10,0,1,0,0,49.6122,0,1,0,0,0,0,0,0
Andrew Wiggins,29.0,2TM,60.0,60.0,30.7,14.0,0.448,4.3,4.5,2.6,1.8,18.0,,,0,1,0,0,29.1964,0,1,0,0,0,0,1,0
OG Anunoby,27.0,NYK,74.0,74.0,36.6,13.9,0.476,3.1,4.8,2.2,2.4,18.0,9.75,,0,1,0,0,43.9655,0,1,0,0,1,0,0,0
Mikal Bridges,28.0,NYK,82.0,82.0,37.0,14.4,0.5,1.4,3.2,3.7,1.4,17.6,9.75,,0,1,0,0,34.98,0,1,0,0,0,0,1,0
Jaden Ivey,22.0,DET,30.0,30.0,29.9,13.8,0.46,3.9,4.1,4.0,1.3,17.6,3.65,,0,1,0,0,10.1072,1,0,0,0,0,0,0,1
Jimmy Butler,35.0,2TM,55.0,55.0,31.7,10.9,0.504,7.1,5.4,5.4,1.7,17.5,,,0,1,0,0,55.4796,0,0,0,1,0,0,1,0
Dejounte Murray,28.0,NOP,31.0,31.0,32.6,15.9,0.393,4.0,6.5,7.4,2.4,17.5,3.55,,0,1,0,0,31.4459,0,1,0,0,0,1,0,0
Malik Monk,26.0,SAC,65.0,45.0,31.6,14.4,0.439,2.7,3.8,5.6,1.5,17.2,4.45,,0,1,0,0,20.19,1,0,0,0,0,0,0,1
Immanuel Quickley,25.0,TOR,33.0,33.0,27.8,13.3,0.42,3.9,3.5,5.8,0.8,17.1,5.4,,0,1,0,0,32.5,1,0,0,0,0,1,0,0
De'Andre Hunter,27.0,2TM,64.0,9.0,27.2,11.9,0.47,4.0,4.0,1.4,1.0,17.0,,6MOY-4,0,1,0,0,24.1071,0,1,0,0,0,0,1,0
Bradley Beal,31.0,PHO,53.0,38.0,32.1,13.1,0.497,2.6,3.3,3.7,1.6,17.0,5.43,,0,1,0,0,32.321,0,1,0,0,0,0,0,1
Deni Avdija,24.0,POR,72.0,54.0,30.0,11.7,0.476,5.2,7.3,3.9,1.5,16.9,4.25,,0,1,0,0,13.125,1,0,0,0,0,0,1,0
Keyonte George,21.0,UTA,67.0,35.0,31.5,13.7,0.391,4.3,3.8,5.6,0.8,16.8,4.1,,0,1,0,0,5.4214,0,0,0,0,0,1,0,0
Ivica Zubac,27.0,LAC,80.0,80.0,32.8,11.8,0.628,3.0,12.6,2.7,1.8,16.8,7.5,DPOY-6DEF2,0,1,0,0,19.5502,0,1,0,0,0,0,0,0
Derrick White,30.0,BOS,76.0,76.0,33.9,12.6,0.442,2.1,4.5,4.8,2.0,16.4,6.7,DPOY-10,0,1,0,0,31.472,0,1,0,0,0,0,0,1
Malik Beasley,28.0,DET,82.0,18.0,27.8,13.1,0.43,1.7,2.6,1.7,1.0,16.3,3.65,6MOY-2,0,1,0,0,,0,1,0,0,0,0,0,1
Devin Vassell,24.0,SAS,64.0,53.0,31.0,13.9,0.443,1.9,4.0,2.9,1.8,16.3,4.4,,0,1,0,0,26.413,1,0,0,0,0,0,0,1
Jordan Clarkson,32.0,UTA,37.0,9.0,26.0,13.3,0.408,3.9,3.2,3.7,1.0,16.2,4.1,,0,1,0,0,16.582,0,0,1,0,0,0,0,1
Paul George,34.0,PHI,41.0,41.0,32.5,13.9,0.43,2.4,5.3,4.3,2.3,16.2,5.45,,0,1,0,0,54.1264,0,0,1,0,1,0,0,0
Jalen Suggs,23.0,ORL,35.0,35.0,28.6,13.7,0.41,3.1,4.0,3.7,2.4,16.2,3.9,,0,1,0,0,30.1,1,0,0,0,0,1,0,0
Bennedict Mathurin,22.0,IND,72.0,49.0,29.8,11.8,0.458,4.6,5.3,1.9,1.0,16.1,4.2,,0,1,0,0,9.1876,1,0,0,0,0,0,1,0
Myles Turner,28.0,IND,72.0,72.0,30.2,11.3,0.481,3.3,6.5,1.5,2.8,15.6,4.2,,0,1,0,0,27.2171,0,1,0,0,0,0,0,0
Christian Braun,23.0,DEN,79.0,77.0,33.9,10.4,0.58,2.7,5.2,2.6,1.6,15.4,4.6,,0,1,0,0,4.9218,1,0,0,0,0,0,0,1
Jonathan Kuminga,22.0,GSW,47.0,10.0,24.3,12.1,0.454,5.0,4.6,2.2,1.2,15.3,11.0,,0,1,0,0,23.4,1,0,0,0,1,0,0,0
Jared McCain,20.0,PHI,23.0,8.0,25.7,11.9,0.46,2.4,2.4,2.6,0.7,15.3,5.45,ROY-7,0,1,0,0,5.1427,0,0,0,0,0,0,0,1
Mark Williams,23.0,CHO,44.0,41.0,26.6,10.2,0.604,3.7,10.2,2.5,1.9,15.3,3.8,,0,1,0,0,6.2765,1,0,0,0,0,0,0,0
Kelly Oubre Jr.,29.0,PHI,60.0,57.0,34.6,12.4,0.47,3.1,6.1,1.8,2.0,15.1,5.45,,0,1,0,0,8.3822,0,1,0,0,0,0,1,0
Chet Holmgren,22.0,OKC,32.0,32.0,27.4,10.7,0.49,4.2,8.0,2.0,2.9,15.0,4.35,,0,1,0,0,39.9303,1,0,0,0,0,0,0,0
Kyle Kuzma,29.0,2TM,65.0,62.0,29.8,13.0,0.436,3.1,5.7,2.3,0.9,14.8,,,0,1,0,0,21.3779,0,1,0,0,1,0,0,0
Stephon Castle,20.0,SAS,81.0,47.0,26.7,12.2,0.428,4.2,3.7,4.1,1.2,14.7,4.4,ROY-1,1,0,1,0,10.7489,0,0,0,0,0,0,0,1
Aaron Gordon,29.0,DEN,51.0,42.0,28.4,9.7,0.531,3.5,4.8,3.2,0.8,14.7,4.6,,0,1,0,0,32.9734,0,1,0,0,1,0,0,0
P.J. Washington,26.0,DAL,57.0,56.0,32.2,11.7,0.453,3.5,7.8,2.3,2.2,14.7,5.1,,0,1,0,0,20.5829,1,0,0,0,1,0,0,0
Quentin Grimes,24.0,2TM,75.0,37.0,26.8,11.0,0.467,2.9,4.3,3.0,1.3,14.6,,,0,1,0,0,8.7412,1,0,0,0,0,0,0,1
Josh Giddey,22.0,CHI,70.0,69.0,30.2,11.4,0.465,3.2,8.1,7.2,1.8,14.6,6.0,,0,1,0,0,25.0,1,0,0,0,0,1,0,0
Jakob Poeltl,29.0,TOR,57.0,56.0,29.6,10.2,0.627,2.5,9.6,2.8,2.4,14.5,5.4,,0,1,0,0,24.6168,0,1,0,0,0,0,0,0
Deandre Ayton,26.0,POR,40.0,40.0,30.2,11.7,0.566,1.5,10.2,1.6,1.8,14.4,4.25,,0,1,0,0,25.8794,1,0,0,0,0,0,0,0
Gradey Dick,21.0,TOR,54.0,54.0,29.4,12.0,0.41,2.9,3.6,1.8,1.1,14.4,5.4,,0,1,0,0,6.061,0,0,0,0,0,0,0,1
Jerami Grant,30.0,POR,47.0,47.0,32.4,12.2,0.373,3.5,3.5,2.1,1.9,14.4,4.25,,0,1,0,0,34.2069,0,1,0,0,1,0,0,0
Payton Pritchard,27.0,BOS,80.0,3.0,28.4,10.8,0.472,1.1,3.8,3.5,1.1,14.3,6.7,6MOY-1,1,0,1,0,7.7679,0,1,0,0,0,1,0,0
Naz Reid,25.0,MIN,80.0,17.0,27.5,11.5,0.462,1.8,6.0,2.3,1.6,14.2,3.6,6MOY-5,0,1,0,0,25.0,1,0,0,0,0,0,0,0
Dyson Daniels,21.0,ATL,76.0,76.0,33.8,12.1,0.493,1.8,5.9,4.4,3.7,14.1,5.0,DPOY-2MIP-1DEF1,1,0,1,0,7.7077,0,0,0,0,0,0,0,1
Tre Mann,23.0,CHO,13.0,0.0,24.5,12.4,0.435,1.6,2.9,3.0,0.8,14.1,3.8,,0,1,0,0,8.0,1,0,0,0,0,1,0,0
Amen Thompson,22.0,HOU,69.0,42.0,32.2,10.1,0.557,3.6,8.2,3.8,2.7,14.1,5.9,DPOY-5DEF1,0,1,0,0,10.9746,1,0,0,0,0,0,1,0
Fred VanVleet,30.0,HOU,60.0,60.0,35.2,12.7,0.378,2.3,3.7,5.6,2.0,14.1,5.9,,0,1,0,0,25.0,0,1,0,0,0,1,0,0
Dillon Brooks,29.0,HOU,75.0,75.0,31.8,11.9,0.429,1.6,3.7,1.7,1.0,14.0,5.9,,0,1,0,0,20.5584,0,1,0,0,0,0,1,0
Tolu Smith,24.0,DET,1.0,0.0,22.0,9.0,0.667,3.0,8.0,0.0,0.0,14.0,3.65,,0,1,0,0,,1,0,0,0,1,0,0,0
Klay Thompson,34.0,DAL,72.0,72.0,27.3,12.2,0.412,1.0,3.4,2.0,1.1,14.0,5.1,,0,1,0,0,17.0635,0,0,1,0,0,0,1,0
Bobby Portis,29.0,MIL,49.0,7.0,25.4,12.1,0.466,1.5,8.4,2.1,1.2,13.9,4.3,,0,1,0,0,14.5214,0,1,0,0,1,0,0,0
Tobias Harris,32.0,DET,73.0,73.0,31.6,11.0,0.477,2.3,5.9,2.2,1.8,13.7,3.65,,0,1,0,0,26.6341,0,0,1,0,1,0,0,0
Josh Hart,29.0,NYK,77.0,77.0,37.6,10.0,0.525,2.7,9.6,5.9,1.9,13.6,9.75,,0,1,0,0,20.9238,0,1,0,0,0,0,0,1
Jarrett Allen,26.0,CLE,82.0,82.0,28.0,7.8,0.706,3.4,9.7,1.9,1.8,13.5,4.8,,0,1,0,0,27.68,1,0,0,0,0,0,0,0
Onyeka Okongwu,24.0,ATL,74.0,40.0,27.9,9.2,0.567,2.9,8.9,2.3,1.8,13.4,5.0,,0,1,0,0,16.0,1,0,0,0,0,0,0,0
Russell Westbrook,36.0,DEN,75.0,36.0,27.9,11.1,0.449,3.1,4.9,6.1,1.9,13.3,4.6,6MOY-7,0,1,0,0,,0,0,0,1,0,1,0,0
Naji Marshall,27.0,DAL,69.0,31.0,27.8,10.3,0.508,2.3,4.8,3.0,1.2,13.2,5.1,,0,1,0,0,9.2143,0,1,0,0,0,0,1,0
Dennis Schröder,31.0,3TM,75.0,49.0,28.1,11.0,0.406,2.9,2.6,5.4,1.1,13.1,,,0,1,0,0,14.8092,0,1,0,0,0,1,0,0
Rui Hachimura,26.0,LAL,59.0,57.0,31.7,9.8,0.509,1.9,5.0,1.4,1.2,13.1,10.0,,0,1,0,0,18.2593,1,0,0,0,1,0,0,0
Brook Lopez,36.0,MIL,80.0,80.0,31.8,9.7,0.509,1.7,5.0,1.8,2.5,13.0,4.3,,0,1,0,0,8.9688,0,0,0,1,0,0,0,0
Alex Sarr,19.0,WAS,67.0,67.0,27.1,12.4,0.394,2.5,6.5,2.4,2.2,13.0,4.7,ROY-4,0,1,0,0,13.2636,0,0,0,0,0,0,0,0
Moritz Wagner,27.0,ORL,30.0,1.0,18.8,8.3,0.562,3.7,4.9,1.4,1.2,12.9,3.9,,0,1,0,0,5.0,0,1,0,0,0,0,0,0
Malcolm Brogdon,32.0,WAS,24.0,13.0,23.5,10.0,0.433,3.8,3.8,4.1,0.7,12.7,4.7,,0,1,0,0,,0,0,1,0,0,1,0,0
Scoot Henderson,20.0,POR,66.0,10.0,26.7,10.4,0.419,3.1,3.0,5.1,1.2,12.7,4.25,,0,1,0,0,12.1668,0,0,0,0,0,1,0,0
Keldon Johnson,25.0,SAS,77.0,0.0,23.9,10.0,0.482,2.5,4.8,1.6,0.9,12.7,4.4,,0,1,0,0,17.5,1,0,0,0,0,0,1,0
D'Angelo Russell,28.0,2TM,58.0,36.0,25.5,11.0,0.39,2.5,2.8,5.1,1.4,12.6,,,0,1,0,0,5.8271,0,1,0,0,0,1,0,0
Zaccharie Risacher,19.0,ATL,75.0,73.0,24.6,10.4,0.458,2.0,3.6,1.2,1.2,12.6,5.0,ROY-2,0,1,0,0,14.8195,0,0,0,0,0,0,1,0
Santi Aldama,24.0,MEM,65.0,16.0,25.5,10.0,0.483,1.4,6.4,2.9,1.2,12.5,3.5,,0,1,0,0,17.5,1,0,0,0,1,0,0,0
Ty Jerome,27.0,CLE,70.0,3.0,19.9,8.8,0.516,2.1,2.5,3.4,1.1,12.5,4.8,6MOY-3,0,1,0,0,9.22,0,1,0,0,0,0,0,1
Keegan Murray,24.0,SAC,76.0,76.0,34.3,10.8,0.444,0.9,6.7,1.4,1.7,12.4,4.45,,0,1,0,0,11.1441,1,0,0,0,1,0,0,0
Lonnie Walker IV,26.0,PHI,20.0,7.0,23.9,10.6,0.42,1.5,3.2,2.5,0.8,12.4,5.45,,0,1,0,0,,1,0,0,0,0,0,0,1
Harrison Barnes,32.0,SAS,82.0,82.0,27.2,8.3,0.508,2.4,3.8,1.7,0.7,12.3,4.4,,0,1,0,0,19.0,0,0,1,0,1,0,0,0
Bilal Coulibaly,20.0,WAS,59.0,59.0,33.0,10.6,0.421,3.1,5.0,3.4,2.0,12.3,4.7,,0,1,0,0,8.2578,0,0,0,0,0,0,1,0
Ayo Dosunmu,25.0,CHI,46.0,26.0,30.3,9.8,0.492,1.7,3.5,4.5,1.3,12.3,6.0,,0,1,0,0,7.5185,1,0,0,0,0,0,0,1
Daniel Gafford,26.0,DAL,57.0,31.0,21.5,7.1,0.702,3.4,6.8,1.4,2.2,12.3,5.1,,0,1,0,0,17.1917,1,0,0,0,0,0,0,0
Jaden McDaniels,24.0,MIN,82.0,82.0,31.9,10.2,0.477,1.6,5.7,2.0,2.2,12.2,3.6,,0,1,0,0,27.1034,1,0,0,0,1,0,0,0
Jabari Smith Jr.,21.0,HOU,57.0,39.0,30.1,9.9,0.438,2.2,7.0,1.1,1.1,12.2,5.9,,0,1,0,0,21.3848,0,0,0,0,1,0,0,0
Caris LeVert,30.0,2TM,64.0,3.0,24.9,9.4,0.467,2.4,3.2,3.4,1.4,12.1,,,0,1,0,0,14.4566,0,1,0,0,0,0,0,1
Drew Timme,24.0,BRK,9.0,2.0,28.2,11.3,0.441,1.8,7.2,2.2,0.5,12.1,5.6,,0,1,0,0,1.9554,1,0,0,0,1,0,0,0
Tari Eason,23.0,HOU,57.0,16.0,24.9,9.8,0.487,1.8,6.4,1.5,2.6,12.0,5.9,,0,1,0,0,5.6758,1,0,0,0,1,0,0,0
Rudy Gobert,32.0,MIN,72.0,72.0,33.2,7.1,0.669,3.8,10.9,1.8,2.2,12.0,3.6,DPOY-13DEF2,0,1,0,0,36.5,0,0,1,0,0,0,0,0
Aaron Nesmith,25.0,IND,45.0,37.0,25.0,8.4,0.507,1.8,4.0,1.2,1.2,12.0,4.2,,0,1,0,0,11.0,1,0,0,0,0,0,1,0
Aaron Wiggins,26.0,OKC,76.0,26.0,22.9,9.6,0.488,1.2,3.9,1.8,1.0,12.0,4.35,,0,1,0,0,9.0047,1,0,0,0,0,0,0,1
Khris Middleton,33.0,2TM,37.0,21.0,22.8,9.1,0.475,2.3,3.7,4.1,1.1,11.9,,,0,1,0,0,33.2963,0,0,1,0,0,0,1,0
Jalen Duren,21.0,DET,78.0,78.0,26.1,7.0,0.692,3.1,10.3,2.7,1.8,11.8,3.65,,0,1,0,0,6.4831,0,0,0,0,0,0,0,0
Donte DiVincenzo,28.0,MIN,62.0,10.0,25.9,9.6,0.422,1.0,3.7,3.6,1.5,11.7,3.6,,0,1,0,0,12.2625,0,1,0,0,0,0,0,1
Brandin Podziemski,21.0,GSW,64.0,33.0,26.8,9.8,0.445,1.5,5.1,3.4,1.3,11.7,11.0,,0,1,0,0,4.6837,0,0,0,0,0,0,0,1
Corey Kispert,25.0,WAS,61.0,0.0,26.3,9.3,0.451,1.4,3.0,1.7,0.6,11.6,4.7,,0,1,0,0,13.5125,1,0,0,0,0,0,1,0
Jeremy Sochan,21.0,SAS,54.0,23.0,25.3,8.7,0.535,2.3,6.5,2.4,1.3,11.4,4.4,,0,1,0,0,7.0962,0,0,0,0,1,0,0,0
Toumani Camara,24.0,POR,78.0,78.0,32.7,9.2,0.458,1.6,5.8,2.2,2.1,11.3,4.25,DPOY-9DEF2,0,1,0,0,2.2217,1,0,0,0,1,0,0,0
Isaiah Hartenstein,26.0,OKC,57.0,53.0,27.9,8.4,0.581,2.1,10.7,3.8,1.9,11.2,4.35,,0,1,0,0,28.5,1,0,0,0,0,0,0,0
Buddy Hield,32.0,GSW,82.0,22.0,22.7,9.6,0.417,0.8,3.2,1.6,1.1,11.1,11.0,,0,1,0,0,9.6585,0,0,1,0,0,0,0,1
Jrue Holiday,34.0,BOS,62.0,62.0,30.6,9.2,0.443,1.2,4.3,3.9,1.5,11.1,6.7,,0,1,0,0,34.8,0,0,1,0,0,1,0,0
Walker Kessler,23.0,UTA,58.0,58.0,30.0,7.2,0.663,2.6,12.2,1.7,3.0,11.1,4.1,,0,1,0,0,4.8789,1,0,0,0,0,0,0,0
Gary Trent Jr.,26.0,MIL,74.0,9.0,25.6,8.9,0.431,1.2,2.3,1.2,1.1,11.1,4.3,,0,1,0,0,3.7895,1,0,0,0,0,0,0,1
Spencer Dinwiddie,31.0,DAL,79.0,30.0,27.0,8.6,0.416,3.1,2.6,4.4,1.1,11.0,5.1,,0,1,0,0,,0,1,0,0,0,1,0,0
Tim Hardaway Jr.,32.0,DET,77.0,77.0,28.0,8.8,0.406,1.9,2.4,1.6,0.6,11.0,3.65,,0,1,0,0,2.2963,0,0,1,0,0,0,0,1
Duncan Robinson,30.0,MIA,74.0,37.0,24.1,9.0,0.437,0.7,2.3,2.4,0.6,11.0,5.7,,0,1,0,0,19.289,0,1,0,0,0,0,1,0
Guerschon Yabusele,29.0,PHI,70.0,43.0,27.1,8.0,0.501,2.0,5.6,2.1,1.1,11.0,5.45,,0,1,0,0,5.6375,0,1,0,0,0,0,0,0
Brice Sensabaugh,21.0,UTA,71.0,15.0,20.2,8.4,0.459,1.0,3.0,1.5,0.7,10.9,4.1,,0,1,0,0,3.778,0,0,0,0,0,0,1,0
Bogdan Bogdanović,32.0,2TM,54.0,4.0,25.0,9.1,0.427,1.2,2.9,2.7,1.0,10.8,,,0,1,0,0,16.02,0,0,1,0,0,0,0,1
Jordan Hawkins,22.0,NOP,56.0,9.0,23.6,9.9,0.372,1.8,2.8,1.2,0.9,10.8,3.55,,0,1,0,0,5.8816,1,0,0,0,0,0,0,1
Brandon Boston Jr.,23.0,NOP,42.0,10.0,23.6,9.1,0.436,2.0,3.2,2.2,1.5,10.7,3.55,,0,1,0,0,,1,0,0,0,0,0,0,1
Nikola Jović,21.0,MIA,46.0,10.0,25.1,8.2,0.456,1.9,3.9,2.8,1.1,10.7,5.7,,0,1,0,0,4.4454,0,0,0,0,1,0,0,0
Grayson Allen,29.0,PHO,64.0,7.0,24.1,7.6,0.448,1.8,3.0,2.1,1.1,10.6,5.43,,0,1,0,0,18.125,0,1,0,0,0,0,0,1
Keon Johnson,22.0,BRK,79.0,56.0,24.4,9.9,0.389,1.8,3.8,2.2,1.4,10.6,5.6,,0,1,0,0,2.3496,1,0,0,0,0,0,0,1
Terry Rozier,30.0,MIA,64.0,23.0,25.9,9.9,0.391,1.7,3.7,2.6,0.8,10.6,5.7,,0,1,0,0,26.643,0,1,0,0,0,1,0,0
Obi Toppin,26.0,IND,79.0,4.0,19.6,7.6,0.529,1.4,4.0,1.6,1.0,10.5,4.2,,0,1,0,0,15.0083,1,0,0,0,1,0,0,0
Jonas Valančiūnas,32.0,2TM,81.0,21.0,18.8,7.7,0.55,2.0,7.7,2.0,1.1,10.4,,,0,1,0,0,10.1975,0,0,1,0,0,0,0,0
Ochai Agbaji,24.0,TOR,64.0,45.0,27.2,8.3,0.498,0.8,3.8,1.5,1.4,10.4,5.4,,0,1,0,0,6.3835,1,0,0,0,0,0,0,1
Jaylen Wells,21.0,MEM,79.0,74.0,25.9,8.6,0.425,1.7,3.4,1.7,0.7,10.4,3.5,ROY-3,0,1,0,0,2.2462,0,0,0,0,0,0,0,1
Grant Williams,26.0,CHO,16.0,7.0,29.9,7.7,0.439,2.3,5.1,2.3,1.9,10.4,3.8,,0,1,0,0,13.9556,1,0,0,0,1,0,0,0
Kevin Porter Jr.,24.0,2TM,75.0,4.0,19.8,8.7,0.449,2.3,3.7,3.4,1.3,10.3,,,0,1,0,0,5.2624,1,0,0,0,0,0,0,1
Jose Alvarado,26.0,NOP,56.0,23.0,24.4,9.3,0.392,1.3,2.4,4.6,1.6,10.3,3.55,,0,1,0,0,4.5,1,0,0,0,0,1,0,0
Nic Claxton,25.0,BRK,70.0,62.0,26.9,8.1,0.563,2.2,7.4,2.2,2.3,10.3,5.6,,0,1,0,0,23.1477,1,0,0,0,0,0,0,0
Herbert Jones,26.0,NOP,20.0,20.0,32.4,8.6,0.436,2.0,3.9,3.3,2.4,10.3,3.55,,0,1,0,0,19.2835,1,0,0,0,0,0,1,0
De'Anthony Melton,26.0,GSW,6.0,2.0,20.2,9.0,0.407,1.3,3.3,2.8,1.5,10.3,11.0,,0,1,0,0,3.2664,1,0,0,0,0,0,0,1
Isaiah Joe,25.0,OKC,74.0,16.0,21.7,7.9,0.44,0.8,2.6,1.6,0.7,10.2,4.35,,0,1,0,0,11.6694,1,0,0,0,0,0,0,1
Tyus Jones,28.0,PHO,81.0,58.0,26.8,8.4,0.448,0.7,2.4,5.3,1.0,10.2,5.43,,0,1,0,0,7.0,0,1,0,0,0,1,0,0
Trendon Watford,24.0,BRK,44.0,6.0,20.8,8.0,0.469,2.8,3.6,2.6,0.9,10.2,5.6,,0,1,0,0,2.6314,1,0,0,0,1,0,0,0
Keion Brooks Jr.,24.0,NOP,14.0,6.0,23.7,7.8,0.486,2.1,4.1,0.9,1.4,10.1,3.55,,0,1,0,0,,1,0,0,0,0,0,1,0
Luguentz Dort,25.0,OKC,71.0,71.0,29.2,8.4,0.435,0.6,4.1,1.6,1.6,10.1,4.35,DPOY-4DEF1,0,1,0,0,18.2222,1,0,0,0,0,0,1,0
Justin Edwards,21.0,PHI,44.0,26.0,26.3,8.6,0.455,1.0,3.4,1.6,1.4,10.1,5.45,,0,1,0,0,2.3588,0,0,0,0,0,0,1,0
Derrick Jones Jr.,27.0,LAC,77.0,55.0,24.3,7.6,0.526,1.5,3.4,0.8,1.4,10.1,7.5,,0,1,0,0,10.2381,0,1,0,0,0,0,1,0
Ausar Thompson,22.0,DET,59.0,48.0,22.5,7.8,0.535,2.4,5.1,2.3,2.4,10.1,3.65,,0,1,0,0,9.9465,1,0,0,0,0,0,1,0
Chris Boucher,32.0,TOR,50.0,0.0,17.2,7.4,0.492,1.7,4.5,0.7,1.0,10.0,5.4,,0,1,0,0,2.2963,0,0,1,0,1,0,0,0
Andrew Nembhard,25.0,IND,65.0,65.0,28.9,8.3,0.458,2.1,3.3,5.0,1.4,10.0,4.2,,0,1,0,0,19.5502,1,0,0,0,0,0,0,1
Ziaire Williams,23.0,BRK,63.0,45.0,24.5,8.3,0.412,2.0,4.6,1.3,1.4,10.0,5.6,,0,1,0,0,6.25,1,0,0,0,0,0,1,0
Kevin Huerter,26.0,2TM,69.0,31.0,24.3,8.8,0.425,0.7,3.0,2.3,1.3,9.9,,,0,1,0,0,17.9911,1,0,0,0,0,0,0,1
Georges Niang,31.0,2TM,79.0,3.0,21.5,7.8,0.461,0.7,3.4,1.4,0.6,9.9,,,0,1,0,0,8.2,0,1,0,0,1,0,0,0
Julian Champagnie,23.0,SAS,82.0,29.0,23.6,8.1,0.415,1.1,3.9,1.4,1.1,9.9,4.4,,0,1,0,0,3.0,1,0,0,0,0,0,1,0
Scotty Pippen Jr.,24.0,MEM,79.0,21.0,21.3,7.5,0.48,2.2,3.3,4.4,1.7,9.9,3.5,,0,1,0,0,2.5071,1,0,0,0,0,1,0,0
Nick Smith Jr.,20.0,CHO,60.0,27.0,22.8,9.5,0.391,0.8,2.1,2.4,0.4,9.9,3.8,,0,1,0,0,2.7107,0,0,0,0,0,0,0,1
Bub Carrington,19.0,WAS,82.0,57.0,30.0,9.1,0.401,1.0,4.2,4.4,1.0,9.8,4.7,,0,1,0,0,5.612,0,0,0,0,0,1,0,0
Moses Moody,22.0,GSW,74.0,34.0,22.3,7.7,0.433,1.8,2.6,1.3,1.2,9.8,11.0,,0,1,0,0,12.5,1,0,0,0,0,0,0,1
Amir Coffey,27.0,LAC,72.0,13.0,24.3,7.1,0.471,1.8,2.2,1.1,0.7,9.7,7.5,,0,1,0,0,2.2963,0,1,0,0,0,0,0,1
Max Christie,21.0,2TM,78.0,36.0,27.3,7.6,0.427,1.9,3.3,1.9,1.2,9.6,,,0,1,0,0,8.2857,0,0,0,0,0,0,0,1
Kyle Filipowski,21.0,UTA,72.0,27.0,21.1,7.2,0.502,2.0,6.1,1.9,1.0,9.6,4.1,,0,1,0,0,3.0,0,0,0,0,0,0,0,0
Tosan Evbuomwan,23.0,BRK,28.0,0.0,23.8,7.9,0.427,2.6,4.3,2.0,1.3,9.5,5.6,,0,1,0,0,,1,0,0,0,0,0,1,0
Miles McBride,24.0,NYK,64.0,10.0,24.9,8.5,0.406,1.0,2.5,2.9,1.3,9.5,9.75,,0,1,0,0,4.1449,1,0,0,0,0,0,0,1
Jalen Wilson,24.0,BRK,79.0,22.0,25.7,7.8,0.397,2.1,3.4,1.8,0.6,9.5,5.6,,0,1,0,0,2.2217,1,0,0,0,1,0,0,0
Nickeil Alexander-Walker,26.0,MIN,82.0,10.0,25.3,7.5,0.438,1.4,3.2,2.7,1.0,9.4,3.6,6MOY-6,0,1,0,0,15.1618,1,0,0,0,0,0,0,1
Cole Anthony,24.0,ORL,67.0,22.0,18.4,8.1,0.424,1.7,3.0,2.9,1.2,9.4,3.9,,0,1,0,0,15.3963,1,0,0,0,0,1,0,0
Anthony Black,21.0,ORL,78.0,10.0,24.2,7.9,0.423,2.5,2.9,3.1,1.7,9.4,3.9,,0,1,0,0,9.0383,0,0,0,0,0,1,0,0
Max Strus,28.0,CLE,50.0,37.0,25.5,7.5,0.442,0.7,4.3,3.2,0.7,9.4,4.8,,0,1,0,0,16.2986,0,1,0,0,0,0,1,0
Tristan Vukcevic,21.0,WAS,35.0,1.0,14.7,6.9,0.496,1.9,3.7,1.1,1.0,9.4,4.7,,0,1,0,0,,0,0,0,0,0,0,0,0
Cam Whitmore,20.0,HOU,51.0,3.0,16.2,7.9,0.444,1.4,3.0,1.0,0.9,9.4,5.9,,0,1,0,0,4.499,0,0,0,0,0,0,1,0
Nick Richards,27.0,2TM,57.0,43.0,22.0,6.1,0.591,2.8,8.2,0.9,1.2,9.3,,,0,1,0,0,5.0,0,1,0,0,0,0,0,0
Kel'el Ware,20.0,MIA,64.0,36.0,22.2,7.3,0.554,1.0,7.4,0.9,1.7,9.3,5.7,ROY-6,0,1,0,0,5.4114,0,0,0,0,0,0,0,0
Zach Edey,22.0,MEM,66.0,55.0,21.5,6.6,0.58,1.9,8.3,1.0,1.8,9.2,3.5,ROY-5,0,1,0,0,6.8152,1,0,0,0,0,0,0,0
Wendell Carter Jr.,25.0,ORL,68.0,51.0,25.9,7.2,0.46,2.6,7.2,2.0,1.4,9.1,3.9,,0,1,0,0,17.3751,1,0,0,0,0,0,0,0
Noah Clowney,20.0,BRK,46.0,20.0,22.7,8.1,0.358,1.7,3.9,0.9,1.0,9.1,5.6,,0,1,0,0,4.4063,0,0,0,0,1,0,0,0
Dalton Knecht,23.0,LAL,78.0,16.0,19.2,7.1,0.461,1.1,2.8,0.8,0.4,9.1,10.0,,0,1,0,0,4.888,1,0,0,0,0,0,1,0
A.J. Lawson,24.0,TOR,26.0,2.0,18.7,7.3,0.421,2.4,3.3,1.2,0.7,9.1,5.4,,0,1,0,0,,1,0,0,0,0,0,0,1
T.J. McConnell,32.0,IND,79.0,1.0,17.9,7.9,0.519,1.0,2.4,4.4,1.4,9.1,4.2,,0,1,0,0,11.2,0,0,1,0,0,1,0,0
Yves Missi,20.0,NOP,73.0,67.0,26.8,6.7,0.547,2.8,8.2,1.4,1.8,9.1,3.55,,0,1,0,0,4.1539,0,0,0,0,0,0,0,0
Royce O'Neale,31.0,PHO,75.0,22.0,24.5,7.6,0.423,0.3,4.7,2.2,1.4,9.1,5.43,,0,1,0,0,10.875,0,1,0,0,0,0,1,0
Jared Butler,24.0,2TM,60.0,17.0,17.4,7.6,0.448,1.5,1.8,3.7,0.9,9.0,,,0,1,0,0,,1,0,0,0,0,0,0,1
Marcus Smart,30.0,2TM,34.0,7.0,20.0,7.6,0.393,2.1,2.1,3.2,1.4,9.0,,,0,1,0,0,16.0558,0,1,0,0,0,1,0,0
Draymond Green,34.0,GSW,68.0,66.0,29.2,7.5,0.424,2.2,6.1,5.6,2.5,9.0,11.0,DPOY-3DEF1,0,1,0,0,26.7857,0,0,1,0,1,0,0,0
Killian Hayes,23.0,BRK,6.0,5.0,27.0,7.2,0.419,2.0,3.0,5.2,1.4,9.0,5.6,,0,1,0,0,,1,0,0,0,0,1,0,0
Al Horford,38.0,BOS,60.0,42.0,27.7,7.7,0.423,0.6,6.2,2.1,1.5,9.0,6.7,,0,1,0,0,5.8271,0,0,0,1,0,0,0,0
Julian Strawther,22.0,DEN,65.0,4.0,21.3,7.5,0.432,1.4,2.2,1.3,0.8,9.0,4.6,,0,1,0,0,3.7506,1,0,0,0,0,0,0,1
Patrick Williams,23.0,CHI,63.0,36.0,25.0,8.2,0.397,1.3,3.8,2.0,1.3,9.0,6.0,,0,1,0,0,18.0,1,0,0,0,1,0,0,0
Jusuf Nurkić,30.0,2TM,51.0,32.0,20.8,6.9,0.477,2.5,7.8,2.3,1.5,8.9,,,0,1,0,0,19.375,0,1,0,0,0,0,0,0
Clint Capela,30.0,ATL,55.0,41.0,21.4,7.1,0.559,1.8,8.5,1.1,1.6,8.9,5.0,,0,1,0,0,7.035,0,1,0,0,0,0,0,0
Johnny Juzang,23.0,UTA,64.0,18.0,19.8,7.4,0.429,0.8,2.9,1.1,0.7,8.9,4.1,,0,1,0,0,,1,0,0,0,0,0,0,1
Luke Kennard,28.0,MEM,65.0,11.0,22.6,6.6,0.478,0.9,2.8,3.3,0.9,8.9,3.5,,0,1,0,0,11.0,0,1,0,0,0,0,0,1
Justin Champagnie,23.0,WAS,62.0,31.0,21.6,6.6,0.511,1.2,5.7,1.0,1.6,8.8,4.7,,0,1,0,0,2.6742,1,0,0,0,0,0,1,0
Svi Mykhailiuk,27.0,UTA,38.0,13.0,20.0,7.9,0.391,0.9,2.4,2.0,0.7,8.8,4.1,,0,1,0,0,3.85,0,1,0,0,0,0,1,0
Chris Paul,39.0,SAS,82.0,82.0,28.0,7.1,0.427,1.1,3.6,7.4,1.6,8.8,4.4,,0,1,0,0,2.2963,0,0,0,1,0,1,0,0
Kelly Olynyk,33.0,2TM,44.0,22.0,20.3,6.1,0.5,2.5,4.7,2.9,1.2,8.7,,,0,1,0,0,13.4451,0,0,1,0,0,0,0,0
Dorian Finney-Smith,31.0,2TM,63.0,40.0,28.9,6.9,0.448,0.7,3.9,1.4,1.3,8.7,,,0,1,0,0,13.1762,0,1,0,0,1,0,0,0
Oshae Brissett,26.0,PHI,6.0,2.0,23.7,6.5,0.487,2.3,3.7,0.7,1.2,8.7,5.45,,0,1,0,0,,1,0,0,0,0,0,1,0
Kentavious Caldwell-Pope,31.0,ORL,77.0,77.0,29.6,7.1,0.439,1.2,2.2,1.8,1.7,8.7,3.9,,0,1,0,0,21.6215,0,1,0,0,0,0,0,1
Isaiah Collier,20.0,UTA,71.0,46.0,25.9,7.8,0.422,2.2,3.3,6.3,1.1,8.7,4.1,,0,1,0,0,3.4637,0,0,0,0,0,1,0,0
Dante Exum,29.0,DAL,20.0,13.0,18.6,6.7,0.478,1.6,1.7,2.8,0.8,8.7,5.1,,0,1,0,0,2.2963,0,1,0,0,0,1,0,0
Kyshawn George,21.0,WAS,68.0,38.0,26.5,8.0,0.372,1.4,4.2,2.5,1.7,8.7,4.7,,0,1,0,0,3.8369,0,0,0,0,0,0,0,1
Jaden Hardy,22.0,DAL,57.0,3.0,15.9,7.3,0.435,1.5,1.6,1.4,0.6,8.7,5.1,,0,1,0,0,6.0,1,0,0,0,0,0,0,1
Dereck Lively II,20.0,DAL,36.0,29.0,23.1,5.3,0.702,2.0,7.5,2.4,2.2,8.7,5.1,,0,1,0,0,6.2462,0,0,0,0,0,0,0,0
Tyrese Martin,25.0,BRK,60.0,11.0,21.9,7.8,0.406,1.0,3.7,2.0,0.8,8.7,5.6,,0,1,0,0,2.1919,1,0,0,0,0,0,0,1
Matas Buzelis,20.0,CHI,80.0,31.0,18.9,6.9,0.454,1.4,3.5,1.0,1.3,8.6,6.0,ROY-7,0,1,0,0,6.2517,0,0,0,0,0,0,1,0
Jaime Jaquez Jr.,23.0,MIA,66.0,17.0,20.7,7.0,0.461,2.2,4.4,2.5,1.1,8.6,5.7,,0,1,0,0,4.9004,1,0,0,0,0,0,1,0
Ja'Kobe Walter,20.0,TOR,52.0,18.0,21.2,7.6,0.405,1.6,3.1,1.6,1.0,8.6,5.4,,0,1,0,0,4.44,0,0,0,0,0,0,0,1
Sam Hauser,27.0,BOS,71.0,19.0,21.7,6.7,0.451,0.2,3.2,0.9,0.8,8.5,6.7,,0,1,0,0,11.25,0,1,0,0,1,0,0,0
Larry Nance Jr.,32.0,ATL,24.0,3.0,19.3,6.5,0.516,0.5,4.3,1.6,1.3,8.5,5.0,,0,1,0,0,2.2963,0,0,1,0,1,0,0,0
Jared Rhoden,25.0,2TM,14.0,2.0,16.2,6.2,0.483,1.8,3.0,1.1,0.8,8.4,,,0,1,0,0,,1,0,0,0,0,0,0,1
Jaylen Nowell,25.0,NOP,8.0,0.0,21.0,9.1,0.356,1.4,2.5,2.3,0.6,8.4,3.55,,0,1,0,0,,1,0,0,0,0,0,0,1
Cason Wallace,21.0,OKC,68.0,43.0,27.6,7.2,0.474,0.5,3.4,2.5,2.3,8.4,4.35,,0,1,0,0,6.6205,0,0,0,0,0,0,0,1
Bruce Brown,28.0,2TM,41.0,12.0,22.5,7.5,0.421,1.6,4.0,2.0,1.0,8.3,,,0,1,0,0,2.2963,0,1,0,0,0,1,0,0
Dalano Banton,25.0,POR,67.0,7.0,16.7,7.6,0.391,1.9,2.0,2.4,1.1,8.3,4.25,,0,1,0,0,,1,0,0,0,0,1,0,0
Brandon Clarke,28.0,MEM,64.0,18.0,18.9,5.9,0.621,1.4,5.1,1.0,1.4,8.3,3.5,,0,1,0,0,12.5,0,1,0,0,1,0,0,0
Keon Ellis,25.0,SAC,80.0,28.0,24.4,5.8,0.489,1.1,2.7,1.5,2.3,8.3,4.45,,0,1,0,0,2.3016,1,0,0,0,0,0,0,1
Brandon Williams,25.0,DAL,33.0,3.0,14.8,5.7,0.521,2.0,1.8,2.3,0.9,8.3,5.1,,0,1,0,0,2.2707,1,0,0,0,0,1,0,0
Mike Conley,37.0,MIN,71.0,64.0,24.7,6.6,0.4,1.3,2.6,4.5,1.3,8.2,3.6,,0,1,0,0,10.774,0,0,0,1,0,1,0,0
Taurean Prince,30.0,MIL,80.0,73.0,27.1,6.4,0.457,0.6,3.6,1.9,1.2,8.2,4.3,,0,1,0,0,3.5598,0,1,0,0,0,0,1,0
Jalen Smith,24.0,CHI,64.0,2.0,15.0,6.4,0.466,1.4,5.6,1.0,1.0,8.2,6.0,,0,1,0,0,9.2143,1,0,0,0,0,0,0,0
Quinten Post,24.0,GSW,42.0,14.0,16.3,6.5,0.449,0.6,3.5,1.3,0.8,8.1,11.0,,0,1,0,0,1.9554,1,0,0,0,1,0,0,0
Peyton Watson,22.0,DEN,68.0,18.0,24.4,6.3,0.477,2.0,3.4,1.4,2.1,8.1,4.6,,0,1,0,0,4.3565,1,0,0,0,0,0,1,0
Davion Mitchell,26.0,2TM,74.0,37.0,27.4,6.4,0.468,1.1,2.3,4.9,1.2,7.9,,,0,1,0,0,12.0,1,0,0,0,0,1,0,0
Caleb Martin,29.0,2TM,45.0,24.0,27.1,6.8,0.424,2.2,3.9,2.1,1.5,7.9,,,0,1,0,0,9.6556,0,1,0,0,0,0,1,0
Tyson Etienne,25.0,BRK,7.0,0.0,21.6,7.4,0.327,1.4,1.3,1.7,0.5,7.9,5.6,,0,1,0,0,,1,0,0,0,0,1,0,0
Day'Ron Sharpe,23.0,BRK,50.0,2.0,18.1,6.3,0.521,1.5,6.6,1.8,1.6,7.9,5.6,,0,1,0,0,6.25,1,0,0,0,0,0,0,0
KJ Simpson,22.0,CHO,36.0,15.0,23.4,8.4,0.346,1.4,3.0,3.1,1.1,7.8,3.8,,0,1,0,0,,1,0,0,0,0,1,0,0
Terance Mann,28.0,2TM,67.0,13.0,21.1,6.2,0.496,1.0,3.0,1.8,0.9,7.7,,,0,1,0,0,15.6667,0,1,0,0,0,0,0,1
Karlo Matković,23.0,NOP,42.0,7.0,18.8,5.6,0.574,1.0,5.0,1.1,1.5,7.7,3.55,,0,1,0,0,2.1258,1,0,0,0,1,0,0,0
AJ Johnson,20.0,2TM,29.0,11.0,22.0,7.3,0.385,1.3,2.0,2.6,0.5,7.6,,,0,1,0,0,3.9403,0,0,0,0,0,0,0,1
Lonzo Ball,27.0,CHI,35.0,14.0,22.2,6.9,0.366,0.8,3.4,3.3,1.8,7.6,6.0,,0,1,0,0,10.0,0,1,0,0,0,1,0,0
Oscar Tshiebwe,25.0,UTA,14.0,1.0,18.2,5.0,0.6,2.2,8.7,0.6,1.0,7.6,4.1,,0,1,0,0,,1,0,0,0,0,0,0,0
Garrison Mathews,28.0,ATL,47.0,2.0,17.7,5.5,0.397,1.7,1.9,1.3,0.9,7.5,5.0,,0,1,0,0,,0,1,0,0,0,0,0,1
Matisse Thybulle,27.0,POR,15.0,5.0,20.8,5.9,0.477,1.0,3.5,1.9,2.8,7.5,4.25,,0,1,0,0,11.55,0,1,0,0,0,0,0,1
A.J. Green,25.0,MIL,73.0,7.0,22.7,5.8,0.429,0.4,2.4,1.5,0.6,7.4,4.3,,0,1,0,0,2.3016,1,0,0,0,0,0,0,1
Josh Green,24.0,CHO,68.0,67.0,27.8,6.2,0.428,1.1,2.5,1.6,1.3,7.4,3.8,,0,1,0,0,14.1728,1,0,0,0,0,0,0,1
Richaun Holmes,31.0,WAS,31.0,7.0,17.2,4.5,0.647,1.9,5.7,1.4,1.0,7.4,4.7,,0,1,0,0,,0,1,0,0,1,0,0,0
Damion Baugh,24.0,CHO,15.0,2.0,24.7,8.7,0.323,1.0,3.3,3.7,1.1,7.3,3.8,,0,1,0,0,,1,0,0,0,0,0,0,1
Alec Burks,33.0,MIA,49.0,14.0,17.6,5.5,0.424,1.0,2.5,1.1,0.7,7.3,5.7,,0,1,0,0,,0,0,1,0,0,0,0,1
Ricky Council IV,23.0,PHI,73.0,12.0,17.1,6.3,0.382,2.1,2.9,1.3,0.6,7.3,5.45,,0,1,0,0,2.2217,1,0,0,0,0,0,1,0
Andre Drummond,31.0,PHI,40.0,23.0,18.8,5.9,0.5,2.3,7.8,0.9,1.5,7.3,5.45,,0,1,0,0,5.0,0,1,0,0,0,0,0,0
Tre Jones,25.0,2TM,46.0,9.0,19.7,5.2,0.538,1.5,2.5,4.2,1.0,7.2,,,0,1,0,0,8.0,1,0,0,0,0,1,0,0
Goga Bitadze,25.0,ORL,70.0,42.0,20.4,4.8,0.611,1.9,6.6,2.0,2.1,7.2,3.9,,0,1,0,0,7.971,1,0,0,0,0,0,0,0
Tristan Da Silva,23.0,ORL,74.0,38.0,22.0,6.5,0.412,0.9,3.3,1.5,0.6,7.2,3.9,,0,1,0,0,4.6464,1,0,0,0,0,0,1,0
GG Jackson II,20.0,MEM,29.0,3.0,15.8,6.9,0.372,1.4,3.2,1.0,0.6,7.2,3.5,,0,1,0,0,2.3139,0,0,0,0,1,0,0,0
Vit Krejci,24.0,ATL,57.0,16.0,20.2,5.1,0.497,0.8,2.7,2.6,1.1,7.2,5.0,,0,1,0,0,2.6742,1,0,0,0,0,1,0,0
Sam Merrill,28.0,CLE,71.0,4.0,19.7,6.0,0.406,0.4,2.2,1.5,0.9,7.2,4.8,,0,1,0,0,9.5,0,1,0,0,0,0,0,1
Daeqwon Plowden,26.0,ATL,6.0,0.0,12.0,4.2,0.64,0.3,1.8,0.3,0.0,7.2,5.0,,0,1,0,0,,1,0,0,0,0,0,0,1
Nae'Qwan Tomlin,24.0,CLE,5.0,1.0,12.6,6.4,0.406,2.2,4.2,0.4,0.2,7.2,4.8,,0,1,0,0,,1,0,0,0,1,0,0,0
Josh Okogie,26.0,2TM,40.0,7.0,15.6,5.3,0.443,2.1,2.8,0.8,1.7,7.1,,,0,1,0,0,2.2963,1,0,0,0,0,0,0,1
Jalen Hood-Schifino,21.0,2TM,15.0,0.0,21.0,6.5,0.378,1.4,1.8,2.5,0.8,7.1,,,0,1,0,0,,0,0,0,0,0,0,0,1
Jamison Battle,23.0,TOR,59.0,10.0,17.7,5.9,0.429,0.3,2.7,0.9,0.5,7.1,5.4,,0,1,0,0,2.1258,1,0,0,0,0,0,1,0
Alex Caruso,30.0,OKC,54.0,3.0,19.3,5.8,0.446,0.9,2.9,2.5,2.2,7.1,4.35,6MOY-8,0,1,0,0,20.2742,0,1,0,0,0,0,0,1
Jamal Shead,22.0,TOR,75.0,11.0,19.6,6.7,0.405,0.9,1.5,4.2,0.9,7.1,5.4,,0,1,0,0,2.1258,1,0,0,0,0,1,0,0
Jeff Dowtin Jr.,27.0,PHI,41.0,3.0,15.1,5.6,0.487,1.1,1.5,1.9,0.9,7.0,5.45,,0,1,0,0,,0,1,0,0,0,1,0,0
Marcus Garrett,26.0,CHO,4.0,0.0,19.8,6.8,0.407,1.0,1.5,3.3,1.3,7.0,3.8,,0,1,0,0,,1,0,0,0,0,0,0,1
Isaiah Jackson,23.0,IND,5.0,1.0,16.8,4.6,0.609,2.8,5.6,1.0,2.2,7.0,4.2,,0,1,0,0,7.0,1,0,0,0,0,0,0,0
Jaylen Sims,26.0,CHO,6.0,0.0,18.7,4.7,0.429,2.5,1.0,2.0,0.7,7.0,3.8,,0,1,0,0,,1,0,0,0,0,0,0,1
Orlando Robinson,24.0,2TM,44.0,8.0,17.5,5.9,0.444,1.6,5.0,1.8,0.8,6.9,,,0,1,0,0,,1,0,0,0,0,0,0,0
Jake LaRavia,23.0,2TM,66.0,0.0,20.4,5.1,0.475,1.7,3.9,2.4,1.2,6.9,,,0,1,0,0,6.0,1,0,0,0,1,0,0,0
Ryan Dunn,22.0,PHO,74.0,44.0,19.1,6.4,0.43,0.5,3.6,0.8,1.1,6.9,5.43,,0,1,0,0,3.4892,1,0,0,0,0,0,1,0
Jay Huff,26.0,MEM,64.0,2.0,11.7,4.8,0.515,0.9,2.0,0.6,1.2,6.9,3.5,,0,1,0,0,2.6742,1,0,0,0,0,0,0,0
Cameron Payne,30.0,NYK,72.0,5.0,15.1,6.2,0.401,0.8,1.4,2.8,0.7,6.9,9.75,,0,1,0,0,,0,1,0,0,0,1,0,0
Antonio Reeves,24.0,NOP,44.0,6.0,15.0,5.6,0.456,0.8,1.4,0.9,0.6,6.9,3.55,,0,1,0,0,,1,0,0,0,0,0,0,1
Cody Martin,29.0,2TM,53.0,8.0,22.1,6.1,0.418,1.2,4.2,2.0,1.7,6.8,,,0,1,0,0,,0,1,0,0,0,0,1,0
Bol Bol,25.0,PHO,36.0,10.0,12.4,5.1,0.525,0.7,2.9,0.6,1.0,6.8,5.43,,0,1,0,0,,1,0,0,0,1,0,0,0
Eric Gordon,36.0,PHI,39.0,13.0,19.7,5.2,0.426,1.2,1.2,1.7,1.0,6.8,5.45,,0,1,0,0,2.2963,0,0,0,1,0,0,0,1
Jaxson Hayes,24.0,LAL,56.0,35.0,19.5,4.0,0.722,1.8,4.8,1.0,1.5,6.8,10.0,,0,1,0,0,3.4493,1,0,0,0,0,0,0,0
Marcus Bagley,23.0,PHI,10.0,4.0,25.3,6.9,0.391,1.0,7.0,1.0,2.1,6.7,5.45,,0,1,0,0,,1,0,0,0,0,0,1,0
DaQuan Jeffries,27.0,CHO,47.0,20.0,22.8,6.2,0.405,0.6,2.9,1.1,1.1,6.7,3.8,,0,1,0,0,,0,1,0,0,0,0,0,1
Lester Quiñones,24.0,2TM,13.0,0.0,14.1,6.0,0.397,1.0,1.5,1.8,0.4,6.6,,,0,1,0,0,,1,0,0,0,0,0,0,1
Vasilije Micić,31.0,2TM,41.0,16.0,19.1,6.7,0.348,1.0,2.2,3.1,0.4,6.6,,,0,1,0,0,8.1092,0,1,0,0,0,1,0,0
Precious Achiuwa,25.0,NYK,57.0,10.0,20.5,5.7,0.502,1.2,5.6,1.0,1.5,6.6,9.75,,0,1,0,0,,1,0,0,0,0,0,0,0
Trayce Jackson-Davis,24.0,GSW,62.0,37.0,15.6,4.9,0.576,1.6,5.0,1.7,1.0,6.6,11.0,,0,1,0,0,2.3139,1,0,0,0,0,0,0,0
Marcus Sasser,24.0,DET,57.0,1.0,14.2,5.2,0.463,0.9,1.2,2.3,0.7,6.6,3.65,,0,1,0,0,4.0429,1,0,0,0,0,1,0,0
Vince Williams Jr.,24.0,MEM,27.0,5.0,18.5,6.2,0.401,0.9,3.6,2.0,0.7,6.6,3.5,,0,1,0,0,2.3957,1,0,0,0,0,0,0,1
Thomas Bryant,27.0,2TM,66.0,8.0,14.6,4.9,0.508,1.0,3.8,0.8,1.0,6.5,,,0,1,0,0,2.2963,0,1,0,0,0,0,0,0
Donovan Clingan,20.0,POR,67.0,37.0,19.8,5.0,0.539,1.6,7.9,1.1,2.1,6.5,4.25,,0,1,0,0,8.0829,0,0,0,0,0,0,0,0
Seth Curry,34.0,CHO,68.0,14.0,15.6,5.0,0.478,0.6,1.7,0.9,0.5,6.5,3.8,,0,1,0,0,,0,0,1,0,0,0,0,1
Haywood Highsmith,28.0,MIA,74.0,42.0,24.6,5.3,0.458,0.6,3.4,1.5,1.4,6.5,5.7,,0,1,0,0,5.616,0,1,0,0,0,0,1,0
Talen Horton-Tucker,24.0,CHI,58.0,0.0,12.5,5.0,0.457,1.7,1.7,1.4,0.6,6.5,6.0,,0,1,0,0,,1,0,0,0,0,0,0,1
Trey Lyles,29.0,SAC,69.0,5.0,19.6,5.4,0.42,1.2,4.6,1.2,0.9,6.5,4.45,,0,1,0,0,,0,1,0,0,1,0,0,0
Ajay Mitchell,22.0,OKC,36.0,1.0,16.6,5.1,0.495,1.0,1.9,1.8,0.8,6.5,4.35,,0,1,0,0,2.9,1,0,0,0,0,0,0,1
Gary Payton II,32.0,GSW,62.0,11.0,15.0,4.8,0.574,0.6,3.0,1.3,1.1,6.5,11.0,,0,1,0,0,2.2963,0,0,1,0,0,0,0,1
Zach Collins,27.0,2TM,64.0,12.0,15.3,4.7,0.507,1.2,4.5,1.7,1.0,6.4,,,0,1,0,0,18.0805,0,1,0,0,1,0,0,0
Kris Dunn,30.0,LAC,74.0,58.0,24.1,5.9,0.439,0.3,3.4,2.8,2.1,6.4,7.5,,0,1,0,0,5.5556,0,1,0,0,0,1,0,0
Ron Holland,19.0,DET,81.0,2.0,15.6,5.1,0.474,1.5,2.7,1.0,0.8,6.4,3.65,,0,1,0,0,9.7394,0,0,0,0,0,0,1,0
KJ Martin,24.0,2TM,43.0,16.0,21.2,4.7,0.552,1.1,2.9,1.1,0.9,6.4,,,0,1,0,0,,1,0,0,0,1,0,0,0
Gabe Vincent,28.0,LAL,72.0,11.0,21.2,5.8,0.4,0.3,1.3,1.4,0.9,6.4,10.0,,0,1,0,0,11.5,0,1,0,0,0,1,0,0
Sandro Mamukelashvili,25.0,SAS,61.0,0.0,11.2,4.6,0.502,1.0,3.1,0.8,0.7,6.3,4.4,,0,1,0,0,2.6314,1,0,0,0,1,0,0,0
Jeremiah Robinson-Earl,24.0,NOP,66.0,9.0,18.8,5.3,0.455,0.8,4.8,1.3,0.7,6.3,3.55,,0,1,0,0,,1,0,0,0,1,0,0,0
Kenrich Williams,30.0,OKC,69.0,7.0,16.4,5.1,0.483,0.6,3.5,1.4,0.7,6.3,4.35,,0,1,0,0,7.163,0,1,0,0,1,0,0,0
Bones Hyland,24.0,2TM,24.0,0.0,10.0,4.9,0.398,1.1,1.0,1.3,1.0,6.2,,,0,1,0,0,2.2963,1,0,0,0,0,1,0,0
Jonathan Mogbo,23.0,TOR,63.0,18.0,20.4,5.7,0.438,1.3,4.9,2.3,1.4,6.2,5.4,,0,1,0,0,2.1258,1,0,0,0,1,0,0,0
Ryan Rollins,22.0,MIL,56.0,19.0,14.6,4.8,0.487,0.8,1.9,1.9,1.1,6.2,4.3,,0,1,0,0,4.0,1,0,0,0,0,1,0,0
Dru Smith,27.0,MIA,14.0,1.0,19.1,4.4,0.508,0.9,2.6,1.6,1.9,6.2,5.7,,0,1,0,0,2.6327,0,1,0,0,0,0,0,1
Isaac Okoro,24.0,CLE,55.0,22.0,19.1,4.9,0.464,0.8,2.4,1.2,0.9,6.1,4.8,,0,1,0,0,11.4074,1,0,0,0,0,0,0,1
Jarace Walker,21.0,IND,75.0,5.0,15.8,4.8,0.472,0.9,3.1,1.5,1.0,6.1,4.2,,0,1,0,0,7.572,0,0,0,0,1,0,0,0
N'Faly Dante,23.0,HOU,4.0,0.0,12.8,3.3,0.769,1.3,5.3,0.5,1.6,6.0,5.9,,0,1,0,0,2.2298,1,0,0,0,0,0,0,0
Mouhamed Gueye,22.0,ATL,33.0,28.0,16.2,5.2,0.421,1.3,4.2,0.8,1.8,6.0,5.0,,0,1,0,0,2.3139,1,0,0,0,1,0,0,0
Luke Kornet,29.0,BOS,73.0,16.0,18.6,3.8,0.668,1.3,5.3,1.6,1.5,6.0,6.7,,0,1,0,0,10.175,0,1,0,0,0,0,0,0
Isaiah Mobley,25.0,PHI,1.0,0.0,17.0,7.0,0.286,2.0,4.0,5.0,2.0,6.0,5.45,,0,1,0,0,,1,0,0,0,1,0,0,0
Isaiah Stewart,23.0,DET,72.0,4.0,19.9,4.4,0.559,1.2,5.5,1.7,1.8,6.0,3.65,,0,1,0,0,15.0,1,0,0,0,0,0,0,0
James Wiseman,23.0,IND,1.0,0.0,5.0,4.0,0.5,2.0,1.0,0.0,0.0,6.0,4.2,,0,1,0,0,1.0,1,0,0,0,0,0,0,0
Isaiah Wong,24.0,CHO,20.0,0.0,13.3,5.3,0.39,1.7,1.6,1.4,0.6,6.0,3.8,,0,1,0,0,,1,0,0,0,0,0,0,1
Cole Swider,25.0,2TM,10.0,0.0,16.9,6.3,0.349,0.1,2.7,0.3,0.6,5.9,,,0,1,0,0,,1,0,0,0,0,0,1,0
Chuma Okeke,26.0,2TM,9.0,3.0,21.8,4.4,0.5,0.3,5.2,1.7,1.0,5.9,,,0,1,0,0,2.5467,1,0,0,0,1,0,0,0
Kyle Anderson,31.0,2TM,61.0,4.0,16.4,5.0,0.469,1.1,3.4,2.4,1.2,5.9,,,0,1,0,0,9.439,0,1,0,0,1,0,0,0
Simone Fontecchio,29.0,DET,75.0,0.0,16.5,5.0,0.402,1.1,2.9,0.9,0.6,5.9,3.65,,0,1,0,0,8.3077,0,1,0,0,0,0,1,0
Collin Gillespie,25.0,PHO,33.0,9.0,14.0,4.8,0.43,0.7,2.4,2.4,0.8,5.9,5.43,,0,1,0,0,2.2963,1,0,0,0,0,1,0,0
Tidjane Salaün,19.0,CHO,60.0,10.0,20.7,5.8,0.33,1.6,4.7,1.2,0.7,5.9,3.8,,0,1,0,0,8.8489,0,0,0,0,1,0,0,0
Jaylin Williams,22.0,OKC,47.0,9.0,16.7,4.7,0.439,0.6,5.6,2.6,1.1,5.9,4.35,,0,1,0,0,8.0,1,0,0,0,1,0,0,0
Moses Brown,25.0,2TM,13.0,2.0,9.2,3.8,0.694,0.8,3.4,0.2,0.8,5.8,,,0,1,0,0,,1,0,0,0,0,0,0,0
Adem Bona,21.0,PHI,58.0,11.0,15.6,3.3,0.703,1.7,4.2,0.5,1.6,5.8,5.45,,0,1,0,0,2.2462,0,0,0,0,0,0,0,0
Quenton Jackson,26.0,IND,28.0,7.0,13.6,4.4,0.475,1.4,1.6,1.9,1.0,5.8,4.2,,0,1,0,0,,1,0,0,0,0,1,0,0
Robert Williams,27.0,POR,20.0,3.0,17.6,3.9,0.641,0.9,5.9,1.1,2.4,5.8,4.25,,0,1,0,0,13.2857,0,1,0,0,0,0,0,0
Moussa Diabaté,23.0,CHO,71.0,8.0,17.5,3.9,0.596,1.6,6.2,0.8,1.2,5.7,3.8,,0,1,0,0,2.3661,1,0,0,0,0,0,0,0
Dariq Whitehead,20.0,BRK,20.0,0.0,12.3,4.8,0.406,0.3,1.5,0.6,0.4,5.7,5.6,,0,1,0,0,3.2626,0,0,0,0,0,0,1,0
Landry Shamet,27.0,NYK,50.0,0.0,15.2,4.6,0.461,0.4,1.2,0.5,0.5,5.7,9.75,,0,1,0,0,2.2963,0,1,0,0,0,0,0,1
Jordan Goodwin,26.0,LAL,29.0,5.0,18.7,5.0,0.438,0.4,3.9,1.4,1.4,5.6,10.0,,0,1,0,0,2.3496,1,0,0,0,0,1,0,0
Shake Milton,28.0,2TM,57.0,2.0,14.7,4.5,0.453,1.0,1.8,1.8,0.5,5.5,,,0,1,0,0,3.1437,0,1,0,0,0,0,0,1
Aaron Holiday,28.0,HOU,62.0,3.0,12.8,4.3,0.437,0.7,1.3,1.3,0.5,5.5,5.9,,0,1,0,0,2.2963,0,1,0,0,0,1,0,0
Jeff Green,38.0,HOU,32.0,3.0,12.4,3.8,0.504,0.8,1.8,0.6,0.3,5.4,5.9,,0,1,0,0,2.2963,0,0,0,1,1,0,0,0
Jonathan Isaac,27.0,ORL,71.0,1.0,15.4,4.6,0.414,1.5,4.4,0.6,2.0,5.4,3.9,,0,1,0,0,14.75,0,1,0,0,1,0,0,0
Dean Wade,28.0,CLE,59.0,30.0,21.2,4.6,0.413,0.5,4.2,1.3,1.0,5.4,4.8,,0,1,0,0,6.6235,0,1,0,0,1,0,0,0
Keaton Wallace,25.0,ATL,31.0,5.0,16.2,5.2,0.401,0.4,1.6,2.6,1.2,5.4,5.0,,0,1,0,0,,1,0,0,0,0,1,0,0
Kobe Bufkin,21.0,ATL,10.0,0.0,12.4,4.7,0.383,1.8,2.1,1.7,0.5,5.3,5.0,,0,1,0,0,4.5037,0,0,0,0,0,0,0,1
Jamal Cain,25.0,NOP,37.0,0.0,13.6,4.3,0.43,1.4,2.3,0.6,0.8,5.3,3.55,,0,1,0,0,,1,0,0,0,0,0,1,0
Pat Connaughton,32.0,MIL,41.0,1.0,14.7,4.3,0.469,0.8,2.7,1.7,0.5,5.3,4.3,,0,1,0,0,9.4239,0,0,1,0,0,0,0,1
Kevin Love,36.0,MIA,23.0,9.0,10.9,5.0,0.357,1.0,4.1,1.0,0.9,5.3,5.7,,0,1,0,0,4.15,0,0,0,1,1,0,0,0
Ben Sheppard,23.0,IND,63.0,9.0,19.5,4.6,0.418,0.4,2.8,1.3,0.8,5.3,4.2,,0,1,0,0,3.9112,1,0,0,0,0,0,0,1
Monte Morris,29.0,PHO,45.0,0.0,12.7,4.3,0.426,0.9,1.5,1.6,0.5,5.2,5.43,,0,1,0,0,,0,1,0,0,0,1,0,0
Jabari Walker,22.0,POR,60.0,1.0,12.5,3.8,0.515,1.2,3.5,0.6,0.7,5.2,4.25,,0,1,0,0,,1,0,0,0,1,0,0,0
Javonte Green,31.0,2TM,68.0,19.0,18.5,4.2,0.429,1.1,3.2,0.8,1.5,5.1,,,0,1,0,0,2.2963,0,1,0,0,0,0,0,1
Alex Reese,25.0,2TM,15.0,0.0,14.4,3.6,0.481,0.8,3.1,0.3,1.4,5.1,,,0,1,0,0,,1,0,0,0,1,0,0,0
Bismack Biyombo,32.0,SAS,28.0,26.0,18.9,4.1,0.588,0.9,5.6,1.1,1.4,5.1,4.4,,0,1,0,0,2.2963,0,0,1,0,0,0,0,0
Mitchell Robinson,26.0,NYK,17.0,3.0,17.1,3.3,0.661,1.1,5.9,0.8,2.0,5.1,9.75,,0,1,0,0,12.9545,1,0,0,0,0,0,0,0
Kai Jones,24.0,2TM,40.0,6.0,11.7,2.7,0.798,0.8,3.1,0.6,1.0,5.0,,,0,1,0,0,,1,0,0,0,0,0,0,0
Ben Simmons,28.0,2TM,51.0,24.0,22.0,4.4,0.52,0.6,4.7,5.6,1.2,5.0,,,0,1,0,0,,0,1,0,0,0,1,0,0
Malaki Branham,21.0,SAS,47.0,0.0,9.1,4.0,0.458,0.7,1.1,0.8,0.2,5.0,4.4,,0,1,0,0,4.962,0,0,0,0,0,0,0,1
Neemias Queta,25.0,BOS,62.0,6.0,13.9,3.3,0.65,1.0,3.8,0.7,1.0,5.0,6.7,,0,1,0,0,2.5088,1,0,0,0,0,0,0,0
Alondes Williams,25.0,DET,1.0,0.0,4.0,2.0,1.0,0.0,0.0,1.0,0.0,5.0,3.65,,0,1,0,0,,1,0,0,0,0,0,0,1
Jaylen Martin,21.0,2TM,16.0,0.0,14.9,4.6,0.419,0.6,2.8,1.1,0.6,4.9,,,0,1,0,0,,0,0,0,0,0,0,1,0
Lindy Waters III,27.0,2TM,52.0,9.0,15.0,4.8,0.369,0.2,2.1,1.0,0.7,4.9,,,0,1,0,0,2.2963,0,1,0,0,0,0,0,1
Trevelin Queen,27.0,ORL,31.0,2.0,13.9,4.7,0.381,0.7,1.7,1.2,1.3,4.9,3.9,,0,1,0,0,,0,1,0,0,0,0,0,1
Jock Landale,29.0,HOU,42.0,3.0,11.9,3.6,0.533,1.0,3.3,0.9,0.5,4.8,5.9,,0,1,0,0,10.2963,0,1,0,0,0,0,0,0
Colin Castleton,24.0,3TM,26.0,4.0,16.6,3.8,0.469,1.5,4.7,1.1,0.7,4.7,,,0,1,0,0,,1,0,0,0,0,0,0,0
Taylor Hendricks,21.0,UTA,3.0,3.0,25.0,6.0,0.222,1.3,5.0,0.7,3.0,4.7,4.1,,0,1,0,0,6.9665,0,0,0,0,1,0,0,0
David Roddy,23.0,3TM,33.0,3.0,12.4,3.8,0.456,0.8,2.5,1.1,0.7,4.6,,,0,1,0,0,,1,0,0,0,1,0,0,0
Drew Eubanks,27.0,2TM,61.0,4.0,12.2,3.2,0.593,1.2,3.7,0.9,0.8,4.6,,,0,1,0,0,2.2963,0,1,0,0,0,0,0,0
Pelle Larsson,23.0,MIA,55.0,8.0,14.2,3.7,0.438,1.1,1.7,1.2,0.7,4.6,5.7,,0,1,0,0,2.1258,1,0,0,0,0,0,0,1
Julian Phillips,21.0,CHI,79.0,5.0,14.2,3.6,0.446,1.0,2.1,0.5,0.8,4.6,6.0,,0,1,0,0,2.3139,0,0,0,0,0,0,1,0
Cody Williams,20.0,UTA,50.0,21.0,21.2,5.1,0.323,0.8,2.3,1.2,0.8,4.6,4.1,,0,1,0,0,6.476,0,0,0,0,0,0,0,1
Rob Dillingham,20.0,MIN,49.0,1.0,10.5,4.3,0.441,0.3,1.0,2.0,0.4,4.5,3.6,,0,1,0,0,7.4096,0,0,0,0,0,1,0,0
Jett Howard,21.0,ORL,60.0,0.0,11.7,4.4,0.374,0.4,1.2,0.7,0.4,4.5,3.9,,0,1,0,0,6.4338,0,0,0,0,0,0,1,0
Kevon Looney,28.0,GSW,76.0,6.0,15.0,3.7,0.514,1.3,6.1,1.6,1.1,4.5,11.0,,0,1,0,0,8.0,0,1,0,0,0,0,0,0
Mason Plumlee,34.0,PHO,74.0,21.0,17.6,2.7,0.619,1.7,6.1,1.8,1.0,4.5,5.43,,0,1,0,0,2.2963,0,0,1,0,0,0,0,0
Dalen Terry,22.0,CHI,73.0,5.0,13.5,3.7,0.448,0.9,1.7,1.3,0.8,4.5,6.0,,0,1,0,0,5.3991,1,0,0,0,0,0,0,1
Marvin Bagley III,25.0,2TM,31.0,2.0,8.5,3.4,0.519,1.1,2.7,0.4,0.6,4.4,,,0,1,0,0,2.2963,1,0,0,0,1,0,0,0
Charles Bassey,24.0,SAS,36.0,1.0,10.4,3.3,0.581,0.9,4.2,0.5,1.2,4.4,4.4,,0,1,0,0,,1,0,0,0,0,0,0,0
Tony Bradley,27.0,IND,14.0,0.0,8.1,3.2,0.644,0.4,3.0,0.4,0.7,4.4,4.2,,0,1,0,0,2.9409,0,1,0,0,0,0,0,0
Reggie Jackson,34.0,PHI,31.0,1.0,12.4,4.3,0.391,0.3,1.4,1.5,0.6,4.4,5.45,,0,1,0,0,,0,0,1,0,0,1,0,0
Reed Sheppard,20.0,HOU,52.0,3.0,12.6,4.6,0.351,0.3,1.5,1.4,1.0,4.4,5.9,,0,1,0,0,11.918,0,0,0,0,0,1,0,0
Lamar Stevens,27.0,MEM,17.0,1.0,9.1,3.7,0.46,0.6,2.2,0.5,0.5,4.4,3.5,,0,1,0,0,,0,1,0,0,1,0,0,0
Mo Bamba,26.0,2TM,32.0,2.0,12.9,3.5,0.464,0.8,4.5,0.6,1.3,4.3,,,0,1,0,0,,1,0,0,0,0,0,0,0
Jevon Carter,29.0,CHI,36.0,1.0,8.9,4.1,0.377,0.3,1.1,1.1,0.5,4.3,6.0,,0,1,0,0,6.8095,0,1,0,0,0,1,0,0
Micah Potter,26.0,UTA,38.0,10.0,18.6,3.6,0.422,0.5,4.3,0.8,0.8,4.3,4.1,,0,1,0,0,,1,0,0,0,0,0,0,0
Terrence Shannon Jr.,24.0,MIN,32.0,1.0,10.6,3.6,0.482,0.7,1.5,1.0,0.4,4.3,3.6,,0,1,0,0,3.51,1,0,0,0,0,0,0,1
Daniel Theis,32.0,NOP,38.0,9.0,16.3,3.4,0.473,1.0,4.3,1.6,1.0,4.3,3.55,,0,1,0,0,,0,0,1,0,0,0,0,0
Torrey Craig,34.0,2TM,26.0,4.0,12.1,3.5,0.422,0.5,2.8,0.7,0.8,4.2,,,0,1,0,0,,0,0,1,0,0,0,1,0
Wendell Moore Jr.,23.0,2TM,36.0,1.0,13.9,3.5,0.468,0.6,2.6,1.2,0.7,4.2,,,0,1,0,0,,1,0,0,0,0,0,0,1
Dominick Barlow,21.0,ATL,35.0,4.0,10.7,3.2,0.531,0.9,2.4,0.5,0.8,4.2,5.0,,0,1,0,0,,0,0,0,0,1,0,0,0
Kessler Edwards,24.0,DAL,40.0,18.0,15.2,3.4,0.496,0.3,2.9,1.1,1.0,4.2,5.1,,0,1,0,0,,1,0,0,0,0,0,1,0
Oso Ighodaro,22.0,PHO,61.0,6.0,17.1,3.1,0.604,0.8,3.6,1.2,1.0,4.2,5.43,,0,1,0,0,2.2462,1,0,0,0,1,0,0,0
Kris Murray,24.0,POR,69.0,6.0,15.1,4.0,0.419,0.8,2.6,1.0,0.7,4.2,4.25,,0,1,0,0,4.2235,1,0,0,0,0,0,1,0
Duop Reath,28.0,POR,46.0,0.0,10.2,3.6,0.422,0.5,2.0,0.6,0.6,4.2,4.25,,0,1,0,0,2.2217,0,1,0,0,0,0,0,0
Cam Spencer,24.0,MEM,25.0,1.0,10.1,3.3,0.415,0.8,1.2,1.4,0.4,4.2,3.5,,0,1,0,0,2.5991,1,0,0,0,0,0,0,1
Maxwell Lewis,22.0,2TM,28.0,1.0,11.7,3.9,0.417,0.4,2.0,0.7,0.6,4.1,,,0,1,0,0,,1,0,0,0,0,0,1,0
Jaylen Clark,23.0,MIN,40.0,4.0,13.1,3.0,0.467,0.9,1.3,0.7,1.0,4.1,3.6,,0,1,0,0,2.1919,1,0,0,0,0,0,0,1
Caleb Houstan,22.0,ORL,58.0,6.0,13.6,3.3,0.421,0.3,1.3,0.6,0.5,4.1,3.9,,0,1,0,0,,1,0,0,0,0,0,1,0
Jordan Miller,25.0,LAC,37.0,0.0,11.4,3.6,0.433,0.9,1.6,0.9,0.6,4.1,7.5,,0,1,0,0,,1,0,0,0,0,0,1,0
Jalen Pickett,25.0,DEN,49.0,4.0,13.6,3.7,0.428,0.2,1.4,2.2,0.5,4.1,4.6,,0,1,0,0,2.3139,1,0,0,0,0,0,0,1
Paul Reed,25.0,DET,45.0,0.0,9.7,3.2,0.507,0.9,2.7,1.0,1.5,4.1,3.65,,0,1,0,0,5.4693,1,0,0,0,0,0,0,0
Gui Santos,22.0,GSW,56.0,2.0,13.6,3.2,0.458,0.8,3.1,1.4,0.6,4.1,11.0,,0,1,0,0,2.2217,1,0,0,0,1,0,0,0
Jarred Vanderbilt,25.0,LAL,36.0,2.0,16.1,3.4,0.488,1.0,5.1,1.1,1.3,4.1,10.0,,0,1,0,0,12.4286,1,0,0,0,1,0,0,0
Colby Jones,22.0,2TM,39.0,0.0,13.2,3.3,0.457,0.9,2.2,1.1,1.0,4.0,,,0,1,0,0,,1,0,0,0,0,0,0,1
Nicolas Batum,36.0,LAC,78.0,8.0,17.5,3.1,0.437,0.3,2.8,1.1,1.2,4.0,7.5,,0,1,0,0,5.7416,0,0,0,1,1,0,0,0
Malachi Flynn,26.0,CHO,4.0,0.0,11.0,3.3,0.385,1.5,1.8,1.8,0.8,4.0,3.8,,0,1,0,0,,1,0,0,0,0,1,0,0
Ron Harper Jr.,24.0,DET,1.0,0.0,17.0,8.0,0.125,2.0,7.0,2.0,0.0,4.0,3.65,,0,1,0,0,,1,0,0,0,0,0,1,0
Josh Richardson,31.0,MIA,8.0,0.0,18.8,4.8,0.289,0.5,1.5,1.5,1.1,4.0,5.7,,0,1,0,0,,0,1,0,0,0,0,0,1
Steven Adams,31.0,HOU,58.0,3.0,13.7,2.9,0.545,1.6,5.6,1.1,0.9,3.9,5.9,,0,1,0,0,13.0,0,1,0,0,0,0,0,0
Kyle Lowry,38.0,PHI,35.0,12.0,18.8,3.3,0.35,0.9,1.9,2.7,1.2,3.9,5.45,,0,1,0,0,2.2963,0,0,0,1,0,1,0,0
Olivier-Maxence Prosper,22.0,DAL,52.0,4.0,11.2,3.3,0.402,1.5,2.4,0.8,0.6,3.9,5.1,,0,1,0,0,1.0024,1,0,0,0,1,0,0,0
Patty Mills,36.0,2TM,29.0,0.0,11.1,3.3,0.375,0.5,0.8,0.9,0.5,3.8,,,0,1,0,0,,0,0,0,1,0,1,0,0
Branden Carlson,25.0,OKC,32.0,0.0,7.7,3.0,0.443,0.6,1.7,0.4,0.9,3.8,4.35,,0,1,0,0,,1,0,0,0,0,0,0,0
Devin Carter,22.0,SAC,36.0,0.0,11.0,3.5,0.37,1.2,2.1,1.1,0.7,3.8,4.45,,0,1,0,0,5.8176,1,0,0,0,0,1,0,0
Ousmane Dieng,21.0,OKC,37.0,1.0,10.9,3.4,0.432,0.4,2.2,0.8,0.7,3.8,4.35,,0,1,0,0,6.6709,0,0,0,0,0,0,0,0
Markieff Morris,35.0,2TM,15.0,2.0,11.0,4.7,0.3,0.4,1.5,1.4,0.3,3.7,,,0,1,0,0,,0,0,0,1,1,0,0,0
Emoni Bates,21.0,CLE,10.0,0.0,7.5,3.8,0.342,0.0,0.7,0.8,0.2,3.7,4.8,,0,1,0,0,,0,0,0,0,0,0,1,0
DeAndre Jordan,36.0,DEN,56.0,5.0,12.3,2.5,0.65,1.1,5.1,0.9,0.8,3.7,4.6,,0,1,0,0,,0,0,0,1,0,0,0,0
Craig Porter Jr.,24.0,CLE,51.0,1.0,10.1,2.7,0.514,0.6,1.3,1.4,0.6,3.7,4.8,,0,1,0,0,2.3139,1,0,0,0,0,1,0,0
Jackson Rowe,28.0,GSW,6.0,0.0,8.7,2.8,0.471,1.0,1.8,0.7,0.7,3.7,11.0,,0,1,0,0,,0,1,0,0,1,0,0,0
Blake Wesley,21.0,SAS,58.0,0.0,11.8,3.2,0.435,1.1,1.1,2.0,0.7,3.7,4.4,,0,1,0,0,7.0226,0,0,0,0,0,0,0,1
JT Thor,22.0,2TM,20.0,0.0,12.5,3.0,0.424,1.1,2.4,0.3,0.9,3.6,,,0,1,0,0,,1,0,0,0,1,0,0,0
Baylor Scheierman,24.0,BOS,31.0,2.0,12.4,3.5,0.355,0.4,2.1,1.1,0.6,3.6,6.7,,0,1,0,0,3.4387,1,0,0,0,0,0,0,1
Jae'Sean Tate,29.0,HOU,52.0,2.0,11.3,2.8,0.473,0.9,2.3,0.9,0.6,3.6,5.9,,0,1,0,0,2.2963,0,1,0,0,0,0,1,0
Jaylon Tyson,22.0,CLE,47.0,3.0,9.6,3.2,0.43,0.5,2.0,0.9,0.4,3.6,4.8,,0,1,0,0,4.2642,1,0,0,0,0,0,0,1
Elfrid Payton,30.0,2TM,24.0,9.0,21.3,5.1,0.328,0.3,3.3,6.9,1.5,3.5,,,0,1,0,0,,0,1,0,0,0,1,0,0
Luka Garza,26.0,MIN,39.0,0.0,5.6,2.7,0.495,0.9,1.4,0.3,0.3,3.5,3.6,,0,1,0,0,2.6314,1,0,0,0,0,0,0,0
Cory Joseph,33.0,ORL,50.0,16.0,12.2,3.1,0.403,0.4,1.5,1.4,0.6,3.5,3.9,,0,1,0,0,,0,0,1,0,0,1,0,0
Doug McDermott,33.0,SAC,42.0,3.0,8.1,2.8,0.427,0.1,0.5,0.2,0.1,3.5,4.45,,0,1,0,0,2.2963,0,0,1,0,0,0,1,0
Dario Šarić,30.0,DEN,16.0,4.0,13.1,3.6,0.362,0.6,3.1,1.4,0.5,3.5,4.6,,0,1,0,0,5.4264,0,1,0,0,0,0,0,0
Jamaree Bouyea,25.0,MIL,5.0,1.0,12.4,2.4,0.5,1.2,1.0,2.0,1.2,3.4,4.3,,0,1,0,0,,1,0,0,0,0,1,0,0
Bruno Fernando,26.0,TOR,17.0,2.0,8.6,2.9,0.531,0.5,3.0,1.1,0.7,3.4,5.4,,0,1,0,0,,1,0,0,0,0,0,0,0
Andre Jackson Jr.,23.0,MIL,67.0,43.0,14.6,2.9,0.477,0.4,2.7,1.2,0.7,3.4,4.3,,0,1,0,0,2.3139,1,0,0,0,0,0,0,1
Isaac Jones,24.0,SAC,40.0,0.0,7.6,2.1,0.651,0.9,1.4,0.3,0.4,3.4,4.45,,0,1,0,0,1.9554,1,0,0,0,1,0,0,0
Kevin Knox,25.0,GSW,14.0,0.0,6.0,2.6,0.5,0.6,1.2,0.4,0.4,3.3,11.0,,0,1,0,0,,1,0,0,0,0,0,1,0
Damion Lee,32.0,PHO,25.0,0.0,5.8,3.0,0.365,0.8,0.8,0.4,0.2,3.3,5.43,,0,1,0,0,,0,0,1,0,0,0,0,1
Jeenathan Williams,25.0,HOU,20.0,0.0,7.4,3.1,0.435,0.4,0.7,0.5,0.6,3.3,5.9,,0,1,0,0,,1,0,0,0,0,0,0,1
Elijah Harkless,24.0,UTA,10.0,0.0,13.8,3.5,0.314,0.6,2.1,0.8,1.1,3.2,4.1,,0,1,0,0,,1,0,0,0,0,0,0,1
Zeke Nnaji,24.0,DEN,57.0,4.0,10.7,2.5,0.496,0.8,1.6,0.4,1.1,3.2,4.6,,0,1,0,0,7.7037,1,0,0,0,1,0,0,0
Cam Reddish,25.0,LAL,33.0,8.0,17.8,2.8,0.404,0.8,2.0,0.7,1.3,3.2,10.0,,0,1,0,0,,1,0,0,0,0,0,1,0
Delon Wright,32.0,2TM,40.0,7.0,15.9,3.3,0.344,0.6,1.7,1.9,1.2,3.1,,,0,1,0,0,,0,0,1,0,0,1,0,0
Kylor Kelley,27.0,2TM,11.0,2.0,11.5,2.0,0.636,0.9,3.5,0.5,0.4,3.1,,,0,1,0,0,,0,1,0,0,0,0,0,0
Gary Harris,30.0,ORL,48.0,3.0,14.8,2.8,0.383,0.3,1.3,0.6,0.8,3.0,3.9,,0,1,0,0,3.725,0,1,0,0,0,0,0,1
Maxi Kleber,33.0,DAL,34.0,4.0,18.7,2.8,0.385,0.6,2.8,1.3,0.8,3.0,5.1,,0,1,0,0,11.0,0,0,1,0,1,0,0,0
Taze Moore,26.0,POR,2.0,0.0,10.0,5.0,0.2,1.0,4.0,0.5,1.0,3.0,4.25,,0,1,0,0,,1,0,0,0,0,0,0,1
Rayan Rupert,20.0,POR,52.0,0.0,8.8,2.7,0.408,0.6,1.3,0.5,0.4,3.0,4.25,,0,1,0,0,2.2217,0,0,0,0,0,0,0,1
P.J. Tucker,39.0,NYK,3.0,1.0,19.3,2.3,0.429,0.0,2.7,0.0,0.6,3.0,9.75,,0,1,0,0,3.469,0,0,0,1,0,0,1,0
Pete Nance,24.0,2TM,13.0,1.0,10.6,2.5,0.438,0.2,1.6,0.8,0.4,2.9,,,0,1,0,0,,1,0,0,0,0,0,0,0
Markelle Fultz,26.0,SAC,21.0,0.0,8.8,3.2,0.418,0.0,1.0,1.3,0.6,2.9,4.45,,0,1,0,0,,1,0,0,0,0,1,0,0
Taj Gibson,39.0,CHO,37.0,11.0,11.1,2.6,0.495,0.5,3.2,0.6,0.7,2.9,3.8,,0,1,0,0,,0,0,0,1,0,0,0,0
Tyler Smith,20.0,MIL,23.0,0.0,5.3,2.2,0.48,0.3,1.1,0.2,0.3,2.9,4.3,,0,1,0,0,2.1258,0,0,0,0,1,0,0,0
RayJ Dennis,23.0,IND,11.0,0.0,6.4,3.0,0.333,0.2,1.1,1.3,0.8,2.7,4.2,,0,1,0,0,,1,0,0,0,0,1,0,0
David Duke Jr.,25.0,SAS,6.0,0.0,5.7,2.3,0.429,0.3,0.8,0.7,0.2,2.7,4.4,,0,1,0,0,,1,0,0,0,0,0,0,1
Keshad Johnson,23.0,MIA,16.0,0.0,6.1,1.6,0.692,0.6,1.8,0.3,0.6,2.7,5.7,,0,1,0,0,1.9554,1,0,0,0,0,0,1,0
Reece Beekman,23.0,2TM,36.0,4.0,13.0,3.0,0.327,0.6,1.1,1.8,1.0,2.6,,,0,1,0,0,,1,0,0,0,0,1,0,0
Jae Crowder,34.0,SAC,9.0,2.0,11.4,2.4,0.318,0.7,2.2,0.7,0.3,2.6,4.45,,0,1,0,0,,0,0,1,0,1,0,0,0
Josh Minott,22.0,MIN,46.0,0.0,6.0,2.0,0.489,0.4,1.0,0.4,0.6,2.6,3.6,,0,1,0,0,2.4817,1,0,0,0,0,0,1,0
Hunter Tyson,24.0,DEN,51.0,2.0,7.8,2.4,0.375,0.5,1.5,0.4,0.3,2.6,4.6,,0,1,0,0,2.3139,1,0,0,0,1,0,0,0
Jaden Springer,22.0,2TM,43.0,2.0,8.5,2.1,0.389,0.9,1.3,0.8,0.7,2.5,,,0,1,0,0,0.0707,1,0,0,0,0,1,0,0
Trey Jemison,25.0,2TM,38.0,0.0,10.3,1.9,0.554,0.9,2.8,0.4,0.6,2.5,,,0,1,0,0,,1,0,0,0,0,0,0,0
Anthony Gill,32.0,WAS,51.0,0.0,7.8,1.7,0.489,1.0,1.3,0.3,0.2,2.5,4.7,,0,1,0,0,2.2963,0,0,1,0,1,0,0,0
Dillon Jones,23.0,OKC,54.0,3.0,10.2,2.5,0.383,0.5,2.2,1.1,0.4,2.5,4.35,,0,1,0,0,2.7533,1,0,0,0,0,0,1,0
Pat Spencer,28.0,GSW,39.0,0.0,6.4,2.6,0.406,0.4,1.2,1.2,0.5,2.5,11.0,,0,1,0,0,,0,1,0,0,0,1,0,0
Johnny Davis,22.0,WAS,34.0,0.0,7.1,2.3,0.41,0.4,1.1,0.3,0.6,2.4,4.7,,0,1,0,0,,1,0,0,0,0,0,0,1
Christian Koloko,24.0,LAL,37.0,0.0,9.2,1.8,0.606,0.4,2.5,0.4,0.6,2.4,10.0,,0,1,0,0,,1,0,0,0,0,0,0,0
John Konchar,28.0,MEM,46.0,4.0,12.1,2.0,0.451,0.2,3.3,0.9,1.0,2.4,3.5,,0,1,0,0,6.165,0,1,0,0,0,0,0,1
MarJon Beauchamp,24.0,3TM,35.0,0.0,4.5,1.9,0.415,0.6,1.3,0.3,0.1,2.3,,,0,1,0,0,,1,0,0,0,0,0,1,0
Bronny James,20.0,LAL,27.0,1.0,6.7,2.5,0.313,0.5,0.7,0.8,0.4,2.3,10.0,,0,1,0,0,2.2462,0,0,0,0,0,0,0,1
Mason Jones,26.0,SAC,10.0,0.0,4.5,1.8,0.5,0.5,0.9,1.1,0.1,2.3,4.45,,0,1,0,0,,1,0,0,0,0,0,0,1
Miles Norris,24.0,BOS,3.0,0.0,11.7,3.0,0.222,0.7,3.0,0.0,1.0,2.3,6.7,,0,1,0,0,,1,0,0,0,1,0,0,0
Patrick Baldwin Jr.,22.0,2TM,24.0,0.0,4.5,1.5,0.543,0.2,1.0,0.1,0.2,2.2,,,0,1,0,0,,1,0,0,0,0,0,1,0
Drew Peterson,25.0,BOS,25.0,1.0,7.4,1.6,0.415,0.4,1.6,0.5,0.3,2.2,6.7,,0,1,0,0,,1,0,0,0,1,0,0,0
TyTy Washington Jr.,23.0,PHO,16.0,0.0,7.4,2.8,0.311,0.4,0.8,1.0,0.2,2.2,5.43,,0,1,0,0,,1,0,0,0,0,1,0,0
Jordan McLaughlin,28.0,2TM,46.0,0.0,6.8,1.6,0.431,0.5,0.7,1.1,0.3,2.1,,,0,1,0,0,2.2963,0,1,0,0,0,1,0,0
JD Davison,22.0,BOS,16.0,0.0,5.8,2.1,0.353,0.4,0.8,0.8,0.4,2.1,6.7,,0,1,0,0,2.2707,1,0,0,0,0,1,0,0
Chris Duarte,27.0,CHI,17.0,0.0,4.4,1.5,0.462,0.5,1.2,0.5,0.0,2.1,6.0,,0,1,0,0,,0,1,0,0,0,0,0,1
Enrique Freeman,24.0,IND,22.0,1.0,8.2,1.7,0.432,0.9,1.4,0.4,0.2,2.1,4.2,,0,1,0,0,,1,0,0,0,1,0,0,0
Johnny Furphy,20.0,IND,50.0,0.0,7.6,1.8,0.38,0.4,1.4,0.4,0.6,2.1,4.2,,0,1,0,0,2.2462,0,0,0,0,0,0,0,1
Dwight Powell,33.0,DAL,55.0,3.0,10.0,1.1,0.689,0.8,2.1,1.0,0.7,2.1,5.1,,0,1,0,0,4.0,0,0,1,0,0,0,0,0
Josh Christopher,23.0,MIA,14.0,0.0,4.9,2.2,0.355,0.4,0.6,0.6,0.6,2.0,5.7,,0,1,0,0,,1,0,0,0,0,0,0,1
Tyler Kolek,23.0,NYK,41.0,0.0,7.2,2.0,0.329,0.4,0.7,1.7,0.4,2.0,9.75,,0,1,0,0,2.3251,1,0,0,0,0,1,0,0
Adama Sanogo,22.0,CHI,4.0,0.0,5.3,1.8,0.571,0.0,1.5,0.3,0.0,2.0,6.0,,0,1,0,0,,1,0,0,0,0,0,0,0
Kobe Brown,25.0,LAC,40.0,0.0,6.8,1.8,0.458,0.2,1.6,0.6,0.3,1.9,7.5,,0,1,0,0,3.7235,1,0,0,0,1,0,0,0
Ariel Hukporti,22.0,NYK,25.0,1.0,8.7,1.2,0.677,0.5,2.0,0.4,0.6,1.9,9.75,,0,1,0,0,1.9554,1,0,0,0,0,0,0,0
Bobi Klintman,21.0,DET,8.0,0.0,5.3,1.3,0.6,0.3,0.9,0.9,0.4,1.9,3.65,,0,1,0,0,2.2462,0,0,0,0,0,0,1,0
Garrett Temple,38.0,TOR,28.0,0.0,8.1,2.1,0.3,0.4,1.0,1.1,0.7,1.9,5.4,,0,1,0,0,2.2963,0,0,0,1,0,0,0,1
Jericho Sims,26.0,2TM,53.0,5.0,11.9,1.3,0.634,0.2,3.7,0.6,0.6,1.8,,,0,1,0,0,2.6314,1,0,0,0,0,0,0,0
Vlatko Čančar,27.0,DEN,13.0,0.0,10.5,2.0,0.385,0.0,2.5,0.7,0.4,1.8,4.6,,0,1,0,0,,0,1,0,0,1,0,0,0
Adam Flagler,25.0,OKC,37.0,0.0,5.5,2.6,0.26,0.1,0.7,0.3,0.3,1.8,4.35,,0,1,0,0,,1,0,0,0,0,0,0,1
Trentyn Flowers,19.0,LAC,6.0,0.0,4.5,1.8,0.364,0.5,0.7,0.0,0.0,1.8,7.5,,0,1,0,0,,0,0,0,0,0,0,1,0
E.J. Liddell,24.0,CHI,12.0,0.0,4.4,1.3,0.533,0.2,0.8,0.3,0.2,1.8,6.0,,0,1,0,0,0.7069,1,0,0,0,1,0,0,0
Jahmir Young,24.0,CHI,6.0,0.0,5.0,0.8,0.8,0.3,0.5,1.0,0.0,1.8,6.0,,0,1,0,0,,1,0,0,0,0,1,0,0
Pacome Dadiet,19.0,NYK,18.0,0.0,6.2,1.7,0.323,0.3,1.0,0.3,0.3,1.7,9.75,,0,1,0,0,3.735,0,0,0,0,0,0,0,1
Alex Ducas,24.0,OKC,21.0,0.0,6.0,1.4,0.4,0.1,1.2,0.2,0.2,1.7,4.35,,0,1,0,0,,1,0,0,0,0,0,0,1
PJ Hall,22.0,DEN,19.0,0.0,3.5,1.3,0.583,0.2,1.2,0.2,0.2,1.7,4.6,,0,1,0,0,,1,0,0,0,0,0,0,0
Emanuel Miller,24.0,CHI,6.0,0.0,4.2,1.3,0.5,0.3,1.3,0.3,0.2,1.7,6.0,,0,1,0,0,,1,0,0,0,1,0,0,0
Tristan Thompson,33.0,CLE,40.0,0.0,8.2,1.8,0.437,0.8,3.4,0.6,0.4,1.7,4.8,,0,1,0,0,,0,0,1,0,0,0,0,0
Alex Len,31.0,2TM,46.0,7.0,8.3,1.4,0.508,0.4,2.1,0.8,0.7,1.6,,,0,1,0,0,,0,1,0,0,0,0,0,0
Yuki Kawamura,23.0,MEM,22.0,0.0,4.2,1.4,0.367,0.4,0.5,0.9,0.1,1.6,3.5,,0,1,0,0,,1,0,0,0,0,1,0,0
Jack McVeigh,28.0,HOU,9.0,0.0,4.8,1.9,0.294,0.0,0.6,0.1,0.2,1.6,5.9,,0,1,0,0,,0,1,0,0,1,0,0,0
Armel Traoré,22.0,LAL,9.0,0.0,7.4,2.1,0.316,0.8,1.7,0.1,0.6,1.6,10.0,,0,1,0,0,,1,0,0,0,0,0,1,0
Jordan Walsh,20.0,BOS,52.0,1.0,7.8,1.6,0.361,0.2,1.3,0.4,0.4,1.6,6.7,,0,1,0,0,2.3139,0,0,0,0,1,0,0,0
Phillip Wheeler,22.0,PHI,5.0,0.0,8.8,4.2,0.143,0.4,1.6,0.4,0.6,1.6,5.45,,0,1,0,0,,1,0,0,0,1,0,0,0
Sidy Cissoko,20.0,2TM,22.0,0.0,5.2,1.4,0.433,0.4,1.0,0.7,0.1,1.5,,,0,1,0,0,,0,0,0,0,0,0,1,0
Jazian Gortman,21.0,DAL,16.0,0.0,3.6,1.4,0.391,0.3,0.3,0.4,0.2,1.5,5.1,,0,1,0,0,,0,0,0,0,0,1,0,0
Kevin McCullar Jr.,23.0,NYK,4.0,0.0,7.3,1.8,0.286,0.5,2.0,0.5,0.6,1.5,9.75,,0,1,0,0,,1,0,0,0,0,0,1,0
Leonard Miller,21.0,MIN,13.0,0.0,2.5,1.2,0.4,0.6,0.8,0.0,0.3,1.5,3.6,,0,1,0,0,2.3139,0,0,0,0,0,0,1,0
Quincy Olivari,23.0,LAL,2.0,0.0,5.0,2.5,0.2,0.0,0.0,0.5,0.0,1.5,10.0,,0,1,0,0,,1,0,0,0,0,1,0,0
Matt Ryan,27.0,NYK,19.0,0.0,3.6,1.6,0.323,0.1,0.4,0.2,0.1,1.5,9.75,,0,1,0,0,,0,1,0,0,0,0,1,0
Jacob Toppin,24.0,2TM,17.0,0.0,4.5,1.3,0.409,0.0,0.9,0.4,0.1,1.4,,,0,1,0,0,,1,0,0,0,0,0,1,0
Cam Christie,19.0,LAC,13.0,0.0,4.5,1.8,0.292,0.3,0.9,0.5,0.5,1.4,7.5,,0,1,0,0,2.2462,0,0,0,0,0,0,0,1
Chris Livingston,21.0,MIL,21.0,1.0,5.0,1.3,0.333,0.8,1.7,0.2,0.2,1.4,4.3,,0,1,0,0,,0,0,0,0,0,0,1,0
Trey Alexander,21.0,DEN,24.0,0.0,4.9,1.7,0.317,0.2,0.5,0.5,0.1,1.3,4.6,,0,1,0,0,,0,0,0,0,0,0,0,1
Spencer Jones,23.0,DEN,20.0,0.0,6.3,1.7,0.324,0.2,0.9,0.3,0.6,1.3,4.6,,0,1,0,0,,1,0,0,0,0,0,1,0
Skal Labissière,28.0,SAC,4.0,0.0,3.0,1.0,0.5,0.0,0.8,0.3,0.0,1.3,4.45,,0,1,0,0,,0,1,0,0,1,0,0,0
Jalen Bridges,23.0,PHO,8.0,0.0,3.8,0.9,0.286,0.5,0.5,0.0,0.0,1.1,5.43,,0,1,0,0,,1,0,0,0,0,0,1,0
Yuri Collins,23.0,GSW,2.0,0.0,8.0,1.5,0.333,0.0,1.5,2.0,1.0,1.0,11.0,,0,1,0,0,,1,0,0,0,0,1,0,0
Daniss Jenkins,23.0,DET,7.0,0.0,3.3,1.4,0.3,0.3,0.3,0.4,0.0,1.0,3.65,,0,1,0,0,,1,0,0,0,0,1,0,0
Braxton Key,27.0,GSW,3.0,0.0,3.7,1.3,0.0,2.0,0.7,0.0,0.7,1.0,11.0,,0,1,0,0,,0,1,0,0,0,0,1,0
Bryce McGowens,22.0,POR,13.0,0.0,2.5,1.1,0.286,0.5,0.2,0.2,0.1,1.0,4.25,,0,1,0,0,,1,0,0,0,0,0,0,1
Xavier Tillman Sr.,26.0,BOS,33.0,2.0,7.0,1.6,0.245,0.1,1.3,0.2,0.5,1.0,6.7,,0,1,0,0,2.5467,1,0,0,0,0,0,0,0
Luke Travers,23.0,CLE,12.0,0.0,7.3,1.7,0.25,0.2,1.7,0.7,0.2,1.0,4.8,,0,1,0,0,,1,0,0,0,0,0,0,1
Isaiah Crawford,23.0,SAC,15.0,0.0,3.1,0.7,0.455,0.3,0.5,0.1,0.2,0.9,4.45,,0,1,0,0,,1,0,0,0,0,0,1,0
Justin Minaya,25.0,POR,19.0,0.0,5.3,1.1,0.381,0.1,0.5,0.4,0.4,0.9,4.25,,0,1,0,0,,1,0,0,0,0,0,1,0
Anton Watson,24.0,NYK,9.0,0.0,2.4,1.0,0.444,0.0,0.3,0.2,0.1,0.9,9.75,,0,1,0,0,,1,0,0,0,0,0,1,0
D.J. Carton,24.0,TOR,4.0,0.0,8.3,1.8,0.143,0.3,1.0,0.8,0.5,0.8,5.4,,0,1,0,0,,1,0,0,0,0,0,0,1
PJ Dozier,28.0,MIN,9.0,0.0,3.9,0.3,0.667,0.7,0.6,0.6,0.1,0.8,3.6,,0,1,0,0,,0,1,0,0,0,0,0,1
Joe Ingles,37.0,MIN,19.0,1.0,6.0,1.2,0.261,0.0,0.6,1.2,0.1,0.8,3.6,,0,1,0,0,2.2963,0,0,0,1,0,0,1,0
Harrison Ingram,22.0,SAS,5.0,0.0,7.0,0.8,0.5,0.0,1.8,0.6,0.6,0.8,4.4,,0,1,0,0,,1,0,0,0,0,0,1,0
Ulrich Chomche,19.0,TOR,7.0,0.0,4.6,0.7,0.4,0.3,1.1,0.3,0.1,0.7,5.4,,0,1,0,0,,0,0,0,0,1,0,0,0
James Johnson,37.0,IND,12.0,0.0,3.1,0.9,0.364,0.1,0.5,0.3,0.2,0.7,4.2,,0,1,0,0,,0,0,0,1,1,0,0,0
Liam Robbins,25.0,MIL,13.0,0.0,4.4,0.6,0.25,0.8,0.9,0.2,0.4,0.7,4.3,,0,1,0,0,,1,0,0,0,0,0,0,0
Stanley Umude,25.0,MIL,22.0,0.0,3.9,1.2,0.192,0.2,0.8,0.2,0.4,0.7,4.3,,0,1,0,0,,1,0,0,0,0,0,0,1
Cui Yongxi,21.0,BRK,5.0,0.0,2.0,1.4,0.143,0.4,0.4,0.0,0.0,0.6,5.6,,0,1,0,0,,0,0,0,0,0,0,0,1
Tristen Newton,23.0,2TM,8.0,0.0,2.0,1.0,0.125,0.1,0.5,0.3,0.1,0.4,,,0,1,0,0,,1,0,0,0,0,0,0,1
Malevy Leons,25.0,OKC,6.0,0.0,3.5,0.3,0.0,0.7,0.5,0.2,0.0,0.3,4.35,,0,1,0,0,,1,0,0,0,0,0,1,0
Daishen Nix,22.0,MIN,3.0,0.0,4.3,0.3,0.0,0.7,1.3,1.0,0.0,0.3,3.6,,0,1,0,0,,1,0,0,0,0,1,0,0
Terence Davis,27.0,SAC,1.0,0.0,8.0,2.0,0.0,0.0,1.0,1.0,0.0,0.0,4.45,,0,1,0,0,,0,1,0,0,0,0,0,1
Jesse Edwards,24.0,MIN,2.0,0.0,2.5,0.0,,0.0,0.0,0.5,0.0,0.0,3.6,,0,1,0,0,,1,0,0,0,0,0,0,0
Mac McClung,26.0,ORL,2.0,0.0,5.0,1.0,0.0,0.0,0.5,1.5,0.0,0.0,3.9,,0,1,0,0,,1,0,0,0,0,0,0,1
Jalen McDaniels,27.0,WAS,4.0,0.0,1.8,0.0,,0.0,0.0,0.3,0.3,0.0,4.7,,0,1,0,0,,0,1,0,0,0,0,1,0
Riley Minix,24.0,SAS,1.0,0.0,7.0,1.0,0.0,0.0,2.0,0.0,0.0,0.0,4.4,,0,1,0,0,,1,0,0,0,0,0,1,0
Jahlil Okafor,29.0,IND,1.0,0.0,3.0,0.0,,0.0,1.0,1.0,0.0,0.0,4.2,,0,1,0,0,,0,1,0,0,0,0,0,0
Zyon Pullin,23.0,MEM,3.0,0.0,1.0,0.3,0.0,0.0,0.0,0.0,0.0,0.0,3.5,,0,1,0,0,,1,0,0,0,0,0,0,1
Isaiah Stevens,24.0,MIA,3.0,0.0,2.0,0.7,0.0,0.0,0.7,0.0,0.3,0.0,5.7,,0,1,0,0,,1,0,0,0,0,1,0,0
Terry Taylor,25.0,SAC,3.0,0.0,2.0,0.3,0.0,0.0,0.3,0.7,0.0,0.0,4.45,,0,1,0,0,,1,0,0,0,1,0,0,0
League Average,,,,,,,0.467,,,,,,,,0,1,0,0,,0,0,0,0,0,0,0,0
