"Player","Team","G","MP","FG_pct","FTA","TRB","AST","stocks","PTS","Value_Billions","awards_1","awards_2plus","avg_salary_millions","Age_22_26","Age_27_31","Age_32_34","Age_35_plus","Pos_PF","Pos_PG","Pos_SF","Pos_SG","Age","Awards"
"Shai Gilgeous-Alexander","OKC",76,34.2,0.519,8.8,5,6.4,2.7,32.7,4.35,0,1,55.3591,1,0,0,0,0,1,0,0,"Age_1","2+ awards"
"Giannis Antetokounmpo","MIL",67,34.2,0.601,10.6,11.9,6.5,2.1,30.4,4.3,0,1,58.4566,0,1,0,0,1,0,0,0,"Age_2","2+ awards"
"Nikola Jokić","DEN",70,36.7,0.576,6.4,12.7,10.2,2.4,29.6,4.6,0,1,59.0331,0,1,0,0,0,0,0,0,"Age_2","2+ awards"
"Luka Dončić","2TM",50,35.4,0.45,7.9,8.2,7.7,2.2,28.2,NA,0,0,51.8379,1,0,0,0,0,1,0,0,"Age_1","0 awards"
"Anthony Edwards","MIN",79,36.3,0.447,6.3,5.7,4.5,1.8,27.6,3.6,0,1,50.6117,1,0,0,0,0,0,0,1,"Age_1","2+ awards"
"Jayson Tatum","BOS",72,36.4,0.452,6.1,8.7,6,1.6,26.8,6.7,0,1,62.7867,1,0,0,0,1,0,0,0,"Age_1","2+ awards"
"Kevin Durant","PHO",62,36.5,0.527,5.8,6,4.2,2,26.6,5.43,1,0,54.7086,0,0,0,1,1,0,0,0,"Age_4","1 award"
"Tyrese Maxey","PHI",52,37.7,0.437,5.6,3.3,6.1,2.2,26.3,5.45,0,0,42.1764,1,0,0,0,0,1,0,0,"Age_1","0 awards"
"Cade Cunningham","DET",70,35,0.469,5.3,6.1,9.1,1.8,26.1,3.65,0,1,53.8172,1,0,0,0,0,1,0,0,"Age_1","2+ awards"
"Jalen Brunson","NYK",65,35.4,0.488,6.9,2.9,7.3,1,26,9.75,0,1,39.1373,0,1,0,0,0,1,0,0,"Age_2","2+ awards"
"Paolo Banchero","ORL",46,34.4,0.452,8.4,7.5,4.8,1.4,25.9,3.9,0,0,40.251,1,0,0,0,1,0,0,0,"Age_1","0 awards"
"Devin Booker","PHO",75,37.3,0.461,6.4,4.1,7.1,1.1,25.6,5.43,0,0,60.8987,0,1,0,0,0,0,0,1,"Age_2","0 awards"
"LaMelo Ball","CHO",47,32,0.405,4.9,4.9,7.4,1.4,25.2,3.8,0,0,42.1764,1,0,0,0,0,1,0,0,"Age_1","0 awards"
"Damian Lillard","MIL",58,36.1,0.448,6.8,4.7,7.1,1.4,24.9,4.3,1,0,31.9111,0,0,1,0,0,1,0,0,"Age_3","1 award"
"Anthony Davis","2TM",51,33.5,0.516,7.2,11.6,3.5,3.4,24.7,NA,1,0,58.4566,0,1,0,0,0,0,0,0,"Age_2","1 award"
"Kyrie Irving","DAL",50,36.1,0.473,4.3,4.8,4.6,1.8,24.7,5.1,1,0,39.4913,0,0,1,0,0,0,0,1,"Age_3","1 award"
"Zion Williamson","NOP",30,28.6,0.567,8,7.2,5.3,2.1,24.6,3.55,0,0,42.1665,1,0,0,0,1,0,0,0,"Age_1","0 awards"
"Stephen Curry","GSW",70,32.2,0.448,4.3,4.4,6,1.5,24.5,11,0,1,61.097,0,0,0,1,0,1,0,0,"Age_4","2+ awards"
"LeBron James","LAL",70,34.9,0.513,4.7,7.8,8.2,1.6,24.4,10,0,1,52.6272,0,0,0,1,0,0,1,0,"Age_4","2+ awards"
"Karl-Anthony Towns","NYK",72,35,0.526,5.7,12.8,3.1,1.7,24.4,9.75,0,1,57.0787,0,1,0,0,0,0,0,0,"Age_2","2+ awards"
"Victor Wembanyama","SAS",46,33.2,0.476,4.1,11,3.7,4.9,24.3,4.4,1,0,15.1226,0,0,0,0,0,0,0,0,NA,"1 award"
"Franz Wagner","ORL",60,33.7,0.463,5.2,5.7,4.7,1.7,24.2,3.9,0,0,44.8476,1,0,0,0,0,0,1,0,"Age_1","0 awards"
"Trae Young","ATL",76,36,0.411,7.4,3.1,11.6,1.4,24.2,5,1,0,47.4835,1,0,0,0,0,1,0,0,"Age_1","1 award"
"Donovan Mitchell","CLE",71,31.4,0.443,5.1,4.5,5,1.5,24,4.8,0,1,50.1056,0,1,0,0,0,0,0,1,"Age_2","2+ awards"
"Cam Thomas","BRK",25,31.2,0.438,6,3.3,3.8,0.7,24,5.6,0,0,5.9932,1,0,0,0,0,0,0,1,"Age_1","0 awards"
"Tyler Herro","MIA",77,35.4,0.472,4.2,5.2,5.5,1.1,23.9,5.7,1,0,32,1,0,0,0,0,0,0,1,"Age_1","1 award"
"Joel Embiid","PHI",19,30.2,0.444,8.9,8.2,4.5,1.6,23.8,5.45,0,0,60.8671,0,1,0,0,0,0,0,0,"Age_2","0 awards"
"De'Aaron Fox","2TM",62,36.1,0.463,5.1,4.8,6.3,1.9,23.5,NA,0,0,52.0401,0,1,0,0,0,1,0,0,"Age_2","0 awards"
"Zach LaVine","2TM",74,35.2,0.511,3.9,4.3,4.2,1,23.3,NA,0,0,48.2335,0,1,0,0,0,0,0,1,"Age_2","0 awards"
"Ja Morant","MEM",50,30.4,0.454,6.4,4.1,7.3,1.4,23.2,3.5,0,0,42.1665,1,0,0,0,0,1,0,0,"Age_1","0 awards"
"James Harden","LAC",79,35.3,0.41,7.3,5.8,8.7,2.2,22.8,7.5,0,1,40.75,0,0,0,1,0,1,0,0,"Age_4","2+ awards"
"Jaylen Brown","BOS",63,34.3,0.463,5.1,5.8,4.5,1.5,22.2,6.7,1,0,59.047,0,1,0,0,0,0,1,0,"Age_2","1 award"
"DeMar DeRozan","SAC",77,35.9,0.477,5.7,3.9,4.4,1.2,22.2,4.45,0,0,25.155,0,0,0,1,0,0,1,0,"Age_4","0 awards"
"Brandon Ingram","NOP",18,33.1,0.465,3.1,5.6,5.2,1.5,22.2,3.55,0,0,40,0,1,0,0,0,0,1,0,"Age_2","0 awards"
"Jaren Jackson Jr.","MEM",74,29.8,0.488,5.4,5.6,2,2.7,22.2,3.5,0,1,48,1,0,0,0,0,0,0,0,"Age_1","2+ awards"
"Norman Powell","LAC",60,32.6,0.484,4.4,3.2,2.1,1.4,21.8,7.5,0,0,20.4828,0,1,0,0,0,0,0,1,"Age_2","0 awards"
"Jalen Williams","OKC",69,32.4,0.484,4.3,5.3,5.1,2.3,21.6,4.35,0,1,38.5002,1,0,0,0,0,0,0,1,"Age_1","2+ awards"
"Kawhi Leonard","LAC",37,31.9,0.498,3.3,5.9,3.1,2.1,21.5,7.5,0,0,50.15,0,0,1,0,0,0,1,0,"Age_3","0 awards"
"Jamal Murray","DEN",67,36.1,0.474,3.7,3.9,6,1.9,21.4,4.6,0,0,51.9614,0,1,0,0,0,1,0,0,"Age_2","0 awards"
"Trey Murphy III","NOP",53,35,0.454,4.3,5.1,3.5,1.8,21.2,3.55,0,0,28,1,0,0,0,0,0,1,0,"Age_1","0 awards"
"RJ Barrett","TOR",58,32.2,0.468,5.4,6.3,5.4,1.1,21.1,5.4,0,0,28.6607,1,0,0,0,0,0,1,0,"Age_1","0 awards"
"CJ McCollum","NOP",56,32.7,0.444,3.1,3.8,4.1,1.2,21.1,3.55,0,0,30.6667,0,0,1,0,0,1,0,0,"Age_3","0 awards"
"Jalen Green","HOU",82,32.9,0.423,4.1,4.6,3.4,1.2,21,5.9,0,0,35.2786,1,0,0,0,0,0,0,1,"Age_1","0 awards"
"Brandon Miller","CHO",27,34.2,0.403,2.9,4.9,3.6,1.8,21,3.8,0,0,13.5367,1,0,0,0,0,0,1,0,"Age_1","0 awards"
"Darius Garland","CLE",75,30.7,0.472,3.4,2.9,6.7,1.3,20.6,4.8,1,0,42.1665,1,0,0,0,0,1,0,0,"Age_1","1 award"
"Jordan Poole","WAS",68,29.4,0.432,4,3,4.5,1.7,20.5,4.7,0,0,32.9464,1,0,0,0,0,0,0,1,"Age_1","0 awards"
"Coby White","CHI",74,33.1,0.453,4.1,3.7,4.5,1.1,20.4,6,0,0,12.8889,1,0,0,0,0,0,0,1,"Age_1","0 awards"
"Miles Bridges","CHO",64,31.7,0.431,4,7.5,3.9,1.4,20.3,3.8,0,0,23.913,1,0,0,0,1,0,0,0,"Age_1","0 awards"
"Austin Reaves","LAL",73,34.9,0.46,5,4.5,5.8,1.4,20.2,10,0,0,14.4182,1,0,0,0,0,0,0,1,"Age_1","0 awards"
"Pascal Siakam","IND",78,32.7,0.519,3.9,6.9,3.4,1.4,20.2,4.2,1,0,48.9246,0,1,0,0,1,0,0,0,"Age_2","1 award"
"Kristaps Porziņģis","BOS",42,28.8,0.483,4.7,6.8,2.1,2.2,19.5,6.7,0,0,30.7317,0,1,0,0,0,0,0,0,"Age_2","0 awards"
"Scottie Barnes","TOR",65,32.8,0.446,4.6,7.7,5.8,2.4,19.3,5.4,0,0,44.8476,1,0,0,0,1,0,0,0,"Age_1","0 awards"
"Anfernee Simons","POR",70,32.7,0.426,2.8,2.7,4.8,1,19.3,4.25,0,0,27.6786,1,0,0,0,0,0,0,1,"Age_1","0 awards"
"Desmond Bane","MEM",69,32,0.484,2.9,6.1,5.3,1.6,19.2,3.5,0,0,40.8063,1,0,0,0,0,0,0,1,"Age_1","0 awards"
"Domantas Sabonis","SAC",70,34.7,0.59,4.1,13.9,6,1.1,19.1,4.45,0,0,45.472,0,1,0,0,0,0,0,0,"Age_2","0 awards"
"Alperen Şengün","HOU",76,31.5,0.496,5.6,10.3,4.9,1.9,19.1,5.9,1,0,37,1,0,0,0,0,0,0,0,"Age_1","1 award"
"John Collins","UTA",40,30.5,0.527,4.1,8.2,2,2,19,4.1,0,0,26.58,0,1,0,0,1,0,0,0,"Age_2","0 awards"
"Lauri Markkanen","UTA",47,31.4,0.423,3.9,5.9,1.5,1.1,19,4.1,0,0,48.967,0,1,0,0,1,0,0,0,"Age_2","0 awards"
"Jalen Johnson","ATL",36,35.7,0.5,3.5,10,5,2.6,18.9,5,0,0,30,1,0,0,0,0,0,1,0,"Age_1","0 awards"
"Cameron Johnson","BRK",57,31.6,0.475,3.9,4.3,3.4,1.3,18.8,5.6,0,0,22.0598,0,1,0,0,1,0,0,0,"Age_2","0 awards"
"Julius Randle","MIN",69,32.3,0.485,4.9,7.1,4.7,0.9,18.7,3.6,0,0,33.3333,0,1,0,0,1,0,0,0,"Age_2","0 awards"
"Tyrese Haliburton","IND",73,33.6,0.473,3,3.5,9.2,2.1,18.6,4.2,1,0,50.6117,1,0,0,0,0,1,0,0,"Age_1","1 award"
"Evan Mobley","CLE",71,30.5,0.557,4.3,9.3,3.2,2.5,18.5,4.8,0,1,53.8172,1,0,0,0,1,0,0,0,"Age_1","2+ awards"
"Shaedon Sharpe","POR",72,31.3,0.452,3.4,4.5,2.8,1.1,18.5,4.25,0,0,8.4,0,0,0,0,0,0,0,1,NA,"0 awards"
"Nikola Vučević","CHI",73,31.2,0.53,2,10.1,3.5,1.5,18.5,6,0,0,21.4815,0,0,1,0,0,0,0,0,"Age_3","0 awards"
"Collin Sexton","UTA",63,27.9,0.48,4,2.7,4.2,0.8,18.4,4.1,0,0,18.975,1,0,0,0,0,0,0,1,"Age_1","0 awards"
"Michael Porter Jr.","DEN",77,33.7,0.504,2.5,7,2.1,1.1,18.2,4.6,0,0,39.5696,1,0,0,0,0,0,1,0,"Age_1","0 awards"
"Bam Adebayo","MIA",78,34.3,0.485,4.2,9.6,4.3,2,18.1,5.7,0,0,49.6122,0,1,0,0,0,0,0,0,"Age_2","0 awards"
"Andrew Wiggins","2TM",60,30.7,0.448,4.3,4.5,2.6,1.8,18,NA,0,0,29.1964,0,1,0,0,0,0,1,0,"Age_2","0 awards"
"OG Anunoby","NYK",74,36.6,0.476,3.1,4.8,2.2,2.4,18,9.75,0,0,43.9655,0,1,0,0,1,0,0,0,"Age_2","0 awards"
"Mikal Bridges","NYK",82,37,0.5,1.4,3.2,3.7,1.4,17.6,9.75,0,0,34.98,0,1,0,0,0,0,1,0,"Age_2","0 awards"
"Jaden Ivey","DET",30,29.9,0.46,3.9,4.1,4,1.3,17.6,3.65,0,0,10.1072,1,0,0,0,0,0,0,1,"Age_1","0 awards"
"Jimmy Butler","2TM",55,31.7,0.504,7.1,5.4,5.4,1.7,17.5,NA,0,0,55.4796,0,0,0,1,0,0,1,0,"Age_4","0 awards"
"Dejounte Murray","NOP",31,32.6,0.393,4,6.5,7.4,2.4,17.5,3.55,0,0,31.4459,0,1,0,0,0,1,0,0,"Age_2","0 awards"
"Malik Monk","SAC",65,31.6,0.439,2.7,3.8,5.6,1.5,17.2,4.45,0,0,20.19,1,0,0,0,0,0,0,1,"Age_1","0 awards"
"Immanuel Quickley","TOR",33,27.8,0.42,3.9,3.5,5.8,0.8,17.1,5.4,0,0,32.5,1,0,0,0,0,1,0,0,"Age_1","0 awards"
"De'Andre Hunter","2TM",64,27.2,0.47,4,4,1.4,1,17,NA,0,0,24.1071,0,1,0,0,0,0,1,0,"Age_2","0 awards"
"Bradley Beal","PHO",53,32.1,0.497,2.6,3.3,3.7,1.6,17,5.43,0,0,32.321,0,1,0,0,0,0,0,1,"Age_2","0 awards"
"Deni Avdija","POR",72,30,0.476,5.2,7.3,3.9,1.5,16.9,4.25,0,0,13.125,1,0,0,0,0,0,1,0,"Age_1","0 awards"
"Keyonte George","UTA",67,31.5,0.391,4.3,3.8,5.6,0.8,16.8,4.1,0,0,5.4214,0,0,0,0,0,1,0,0,NA,"0 awards"
"Ivica Zubac","LAC",80,32.8,0.628,3,12.6,2.7,1.8,16.8,7.5,1,0,19.5502,0,1,0,0,0,0,0,0,"Age_2","1 award"
"Derrick White","BOS",76,33.9,0.442,2.1,4.5,4.8,2,16.4,6.7,0,0,31.472,0,1,0,0,0,0,0,1,"Age_2","0 awards"
"Malik Beasley","DET",82,27.8,0.43,1.7,2.6,1.7,1,16.3,3.65,0,0,NA,0,1,0,0,0,0,0,1,"Age_2","0 awards"
"Devin Vassell","SAS",64,31,0.443,1.9,4,2.9,1.8,16.3,4.4,0,0,26.413,1,0,0,0,0,0,0,1,"Age_1","0 awards"
"Jordan Clarkson","UTA",37,26,0.408,3.9,3.2,3.7,1,16.2,4.1,0,0,16.582,0,0,1,0,0,0,0,1,"Age_3","0 awards"
"Paul George","PHI",41,32.5,0.43,2.4,5.3,4.3,2.3,16.2,5.45,0,0,54.1264,0,0,1,0,1,0,0,0,"Age_3","0 awards"
"Jalen Suggs","ORL",35,28.6,0.41,3.1,4,3.7,2.4,16.2,3.9,0,0,30.1,1,0,0,0,0,1,0,0,"Age_1","0 awards"
"Bennedict Mathurin","IND",72,29.8,0.458,4.6,5.3,1.9,1,16.1,4.2,0,0,9.1876,1,0,0,0,0,0,1,0,"Age_1","0 awards"
"Myles Turner","IND",72,30.2,0.481,3.3,6.5,1.5,2.8,15.6,4.2,0,0,27.2171,0,1,0,0,0,0,0,0,"Age_2","0 awards"
"Christian Braun","DEN",79,33.9,0.58,2.7,5.2,2.6,1.6,15.4,4.6,0,0,4.9218,1,0,0,0,0,0,0,1,"Age_1","0 awards"
"Jonathan Kuminga","GSW",47,24.3,0.454,5,4.6,2.2,1.2,15.3,11,0,0,23.4,1,0,0,0,1,0,0,0,"Age_1","0 awards"
"Jared McCain","PHI",23,25.7,0.46,2.4,2.4,2.6,0.7,15.3,5.45,0,0,5.1427,0,0,0,0,0,0,0,1,NA,"0 awards"
"Mark Williams","CHO",44,26.6,0.604,3.7,10.2,2.5,1.9,15.3,3.8,0,0,6.2765,1,0,0,0,0,0,0,0,"Age_1","0 awards"
"Kelly Oubre Jr.","PHI",60,34.6,0.47,3.1,6.1,1.8,2,15.1,5.45,0,0,8.3822,0,1,0,0,0,0,1,0,"Age_2","0 awards"
"Chet Holmgren","OKC",32,27.4,0.49,4.2,8,2,2.9,15,4.35,0,0,39.9303,1,0,0,0,0,0,0,0,"Age_1","0 awards"
"Kyle Kuzma","2TM",65,29.8,0.436,3.1,5.7,2.3,0.9,14.8,NA,0,0,21.3779,0,1,0,0,1,0,0,0,"Age_2","0 awards"
"Stephon Castle","SAS",81,26.7,0.428,4.2,3.7,4.1,1.2,14.7,4.4,1,0,10.7489,0,0,0,0,0,0,0,1,NA,"1 award"
"Aaron Gordon","DEN",51,28.4,0.531,3.5,4.8,3.2,0.8,14.7,4.6,0,0,32.9734,0,1,0,0,1,0,0,0,"Age_2","0 awards"
"P.J. Washington","DAL",57,32.2,0.453,3.5,7.8,2.3,2.2,14.7,5.1,0,0,20.5829,1,0,0,0,1,0,0,0,"Age_1","0 awards"
"Quentin Grimes","2TM",75,26.8,0.467,2.9,4.3,3,1.3,14.6,NA,0,0,8.7412,1,0,0,0,0,0,0,1,"Age_1","0 awards"
"Josh Giddey","CHI",70,30.2,0.465,3.2,8.1,7.2,1.8,14.6,6,0,0,25,1,0,0,0,0,1,0,0,"Age_1","0 awards"
"Jakob Poeltl","TOR",57,29.6,0.627,2.5,9.6,2.8,2.4,14.5,5.4,0,0,24.6168,0,1,0,0,0,0,0,0,"Age_2","0 awards"
"Deandre Ayton","POR",40,30.2,0.566,1.5,10.2,1.6,1.8,14.4,4.25,0,0,25.8794,1,0,0,0,0,0,0,0,"Age_1","0 awards"
"Gradey Dick","TOR",54,29.4,0.41,2.9,3.6,1.8,1.1,14.4,5.4,0,0,6.061,0,0,0,0,0,0,0,1,NA,"0 awards"
"Jerami Grant","POR",47,32.4,0.373,3.5,3.5,2.1,1.9,14.4,4.25,0,0,34.2069,0,1,0,0,1,0,0,0,"Age_2","0 awards"
"Payton Pritchard","BOS",80,28.4,0.472,1.1,3.8,3.5,1.1,14.3,6.7,0,0,7.7679,0,1,0,0,0,1,0,0,"Age_2","0 awards"
"Naz Reid","MIN",80,27.5,0.462,1.8,6,2.3,1.6,14.2,3.6,0,0,25,1,0,0,0,0,0,0,0,"Age_1","0 awards"
"Dyson Daniels","ATL",76,33.8,0.493,1.8,5.9,4.4,3.7,14.1,5,1,0,7.7077,0,0,0,0,0,0,0,1,NA,"1 award"
"Tre Mann","CHO",13,24.5,0.435,1.6,2.9,3,0.8,14.1,3.8,0,0,8,1,0,0,0,0,1,0,0,"Age_1","0 awards"
"Amen Thompson","HOU",69,32.2,0.557,3.6,8.2,3.8,2.7,14.1,5.9,1,0,10.9746,1,0,0,0,0,0,1,0,"Age_1","1 award"
"Fred VanVleet","HOU",60,35.2,0.378,2.3,3.7,5.6,2,14.1,5.9,0,0,25,0,1,0,0,0,1,0,0,"Age_2","0 awards"
"Dillon Brooks","HOU",75,31.8,0.429,1.6,3.7,1.7,1,14,5.9,0,0,20.5584,0,1,0,0,0,0,1,0,"Age_2","0 awards"
"Tolu Smith","DET",1,22,0.667,3,8,0,0,14,3.65,0,0,NA,1,0,0,0,1,0,0,0,"Age_1","0 awards"
"Klay Thompson","DAL",72,27.3,0.412,1,3.4,2,1.1,14,5.1,0,0,17.0635,0,0,1,0,0,0,1,0,"Age_3","0 awards"
"Bobby Portis","MIL",49,25.4,0.466,1.5,8.4,2.1,1.2,13.9,4.3,0,0,14.5214,0,1,0,0,1,0,0,0,"Age_2","0 awards"
"Tobias Harris","DET",73,31.6,0.477,2.3,5.9,2.2,1.8,13.7,3.65,0,0,26.6341,0,0,1,0,1,0,0,0,"Age_3","0 awards"
"Josh Hart","NYK",77,37.6,0.525,2.7,9.6,5.9,1.9,13.6,9.75,0,0,20.9238,0,1,0,0,0,0,0,1,"Age_2","0 awards"
"Jarrett Allen","CLE",82,28,0.706,3.4,9.7,1.9,1.8,13.5,4.8,0,0,27.68,1,0,0,0,0,0,0,0,"Age_1","0 awards"
"Onyeka Okongwu","ATL",74,27.9,0.567,2.9,8.9,2.3,1.8,13.4,5,0,0,16,1,0,0,0,0,0,0,0,"Age_1","0 awards"
"Russell Westbrook","DEN",75,27.9,0.449,3.1,4.9,6.1,1.9,13.3,4.6,0,0,NA,0,0,0,1,0,1,0,0,"Age_4","0 awards"
"Naji Marshall","DAL",69,27.8,0.508,2.3,4.8,3,1.2,13.2,5.1,0,0,9.2143,0,1,0,0,0,0,1,0,"Age_2","0 awards"
"Dennis Schröder","3TM",75,28.1,0.406,2.9,2.6,5.4,1.1,13.1,NA,0,0,14.8092,0,1,0,0,0,1,0,0,"Age_2","0 awards"
"Rui Hachimura","LAL",59,31.7,0.509,1.9,5,1.4,1.2,13.1,10,0,0,18.2593,1,0,0,0,1,0,0,0,"Age_1","0 awards"
"Brook Lopez","MIL",80,31.8,0.509,1.7,5,1.8,2.5,13,4.3,0,0,8.9688,0,0,0,1,0,0,0,0,"Age_4","0 awards"
"Alex Sarr","WAS",67,27.1,0.394,2.5,6.5,2.4,2.2,13,4.7,0,0,13.2636,0,0,0,0,0,0,0,0,NA,"0 awards"
"Moritz Wagner","ORL",30,18.8,0.562,3.7,4.9,1.4,1.2,12.9,3.9,0,0,5,0,1,0,0,0,0,0,0,"Age_2","0 awards"
"Malcolm Brogdon","WAS",24,23.5,0.433,3.8,3.8,4.1,0.7,12.7,4.7,0,0,NA,0,0,1,0,0,1,0,0,"Age_3","0 awards"
"Scoot Henderson","POR",66,26.7,0.419,3.1,3,5.1,1.2,12.7,4.25,0,0,12.1668,0,0,0,0,0,1,0,0,NA,"0 awards"
"Keldon Johnson","SAS",77,23.9,0.482,2.5,4.8,1.6,0.9,12.7,4.4,0,0,17.5,1,0,0,0,0,0,1,0,"Age_1","0 awards"
"D'Angelo Russell","2TM",58,25.5,0.39,2.5,2.8,5.1,1.4,12.6,NA,0,0,5.8271,0,1,0,0,0,1,0,0,"Age_2","0 awards"
"Zaccharie Risacher","ATL",75,24.6,0.458,2,3.6,1.2,1.2,12.6,5,0,0,14.8195,0,0,0,0,0,0,1,0,NA,"0 awards"
"Santi Aldama","MEM",65,25.5,0.483,1.4,6.4,2.9,1.2,12.5,3.5,0,0,17.5,1,0,0,0,1,0,0,0,"Age_1","0 awards"
"Ty Jerome","CLE",70,19.9,0.516,2.1,2.5,3.4,1.1,12.5,4.8,0,0,9.22,0,1,0,0,0,0,0,1,"Age_2","0 awards"
"Keegan Murray","SAC",76,34.3,0.444,0.9,6.7,1.4,1.7,12.4,4.45,0,0,11.1441,1,0,0,0,1,0,0,0,"Age_1","0 awards"
"Lonnie Walker IV","PHI",20,23.9,0.42,1.5,3.2,2.5,0.8,12.4,5.45,0,0,NA,1,0,0,0,0,0,0,1,"Age_1","0 awards"
"Harrison Barnes","SAS",82,27.2,0.508,2.4,3.8,1.7,0.7,12.3,4.4,0,0,19,0,0,1,0,1,0,0,0,"Age_3","0 awards"
"Bilal Coulibaly","WAS",59,33,0.421,3.1,5,3.4,2,12.3,4.7,0,0,8.2578,0,0,0,0,0,0,1,0,NA,"0 awards"
"Ayo Dosunmu","CHI",46,30.3,0.492,1.7,3.5,4.5,1.3,12.3,6,0,0,7.5185,1,0,0,0,0,0,0,1,"Age_1","0 awards"
"Daniel Gafford","DAL",57,21.5,0.702,3.4,6.8,1.4,2.2,12.3,5.1,0,0,17.1917,1,0,0,0,0,0,0,0,"Age_1","0 awards"
"Jaden McDaniels","MIN",82,31.9,0.477,1.6,5.7,2,2.2,12.2,3.6,0,0,27.1034,1,0,0,0,1,0,0,0,"Age_1","0 awards"
"Jabari Smith Jr.","HOU",57,30.1,0.438,2.2,7,1.1,1.1,12.2,5.9,0,0,21.3848,0,0,0,0,1,0,0,0,NA,"0 awards"
"Caris LeVert","2TM",64,24.9,0.467,2.4,3.2,3.4,1.4,12.1,NA,0,0,14.4566,0,1,0,0,0,0,0,1,"Age_2","0 awards"
"Drew Timme","BRK",9,28.2,0.441,1.8,7.2,2.2,0.5,12.1,5.6,0,0,1.9554,1,0,0,0,1,0,0,0,"Age_1","0 awards"
"Tari Eason","HOU",57,24.9,0.487,1.8,6.4,1.5,2.6,12,5.9,0,0,5.6758,1,0,0,0,1,0,0,0,"Age_1","0 awards"
"Rudy Gobert","MIN",72,33.2,0.669,3.8,10.9,1.8,2.2,12,3.6,0,1,36.5,0,0,1,0,0,0,0,0,"Age_3","2+ awards"
"Aaron Nesmith","IND",45,25,0.507,1.8,4,1.2,1.2,12,4.2,0,0,11,1,0,0,0,0,0,1,0,"Age_1","0 awards"
"Aaron Wiggins","OKC",76,22.9,0.488,1.2,3.9,1.8,1,12,4.35,0,0,9.0047,1,0,0,0,0,0,0,1,"Age_1","0 awards"
"Khris Middleton","2TM",37,22.8,0.475,2.3,3.7,4.1,1.1,11.9,NA,0,0,33.2963,0,0,1,0,0,0,1,0,"Age_3","0 awards"
"Jalen Duren","DET",78,26.1,0.692,3.1,10.3,2.7,1.8,11.8,3.65,0,0,6.4831,0,0,0,0,0,0,0,0,NA,"0 awards"
"Donte DiVincenzo","MIN",62,25.9,0.422,1,3.7,3.6,1.5,11.7,3.6,0,0,12.2625,0,1,0,0,0,0,0,1,"Age_2","0 awards"
"Brandin Podziemski","GSW",64,26.8,0.445,1.5,5.1,3.4,1.3,11.7,11,0,0,4.6837,0,0,0,0,0,0,0,1,NA,"0 awards"
"Corey Kispert","WAS",61,26.3,0.451,1.4,3,1.7,0.6,11.6,4.7,0,0,13.5125,1,0,0,0,0,0,1,0,"Age_1","0 awards"
"Jeremy Sochan","SAS",54,25.3,0.535,2.3,6.5,2.4,1.3,11.4,4.4,0,0,7.0962,0,0,0,0,1,0,0,0,NA,"0 awards"
"Toumani Camara","POR",78,32.7,0.458,1.6,5.8,2.2,2.1,11.3,4.25,1,0,2.2217,1,0,0,0,1,0,0,0,"Age_1","1 award"
"Isaiah Hartenstein","OKC",57,27.9,0.581,2.1,10.7,3.8,1.9,11.2,4.35,0,0,28.5,1,0,0,0,0,0,0,0,"Age_1","0 awards"
"Buddy Hield","GSW",82,22.7,0.417,0.8,3.2,1.6,1.1,11.1,11,0,0,9.6585,0,0,1,0,0,0,0,1,"Age_3","0 awards"
"Jrue Holiday","BOS",62,30.6,0.443,1.2,4.3,3.9,1.5,11.1,6.7,0,0,34.8,0,0,1,0,0,1,0,0,"Age_3","0 awards"
"Walker Kessler","UTA",58,30,0.663,2.6,12.2,1.7,3,11.1,4.1,0,0,4.8789,1,0,0,0,0,0,0,0,"Age_1","0 awards"
"Gary Trent Jr.","MIL",74,25.6,0.431,1.2,2.3,1.2,1.1,11.1,4.3,0,0,3.7895,1,0,0,0,0,0,0,1,"Age_1","0 awards"
"Spencer Dinwiddie","DAL",79,27,0.416,3.1,2.6,4.4,1.1,11,5.1,0,0,NA,0,1,0,0,0,1,0,0,"Age_2","0 awards"
"Tim Hardaway Jr.","DET",77,28,0.406,1.9,2.4,1.6,0.6,11,3.65,0,0,2.2963,0,0,1,0,0,0,0,1,"Age_3","0 awards"
"Duncan Robinson","MIA",74,24.1,0.437,0.7,2.3,2.4,0.6,11,5.7,0,0,19.289,0,1,0,0,0,0,1,0,"Age_2","0 awards"
"Guerschon Yabusele","PHI",70,27.1,0.501,2,5.6,2.1,1.1,11,5.45,0,0,5.6375,0,1,0,0,0,0,0,0,"Age_2","0 awards"
"Brice Sensabaugh","UTA",71,20.2,0.459,1,3,1.5,0.7,10.9,4.1,0,0,3.778,0,0,0,0,0,0,1,0,NA,"0 awards"
"Bogdan Bogdanović","2TM",54,25,0.427,1.2,2.9,2.7,1,10.8,NA,0,0,16.02,0,0,1,0,0,0,0,1,"Age_3","0 awards"
"Jordan Hawkins","NOP",56,23.6,0.372,1.8,2.8,1.2,0.9,10.8,3.55,0,0,5.8816,1,0,0,0,0,0,0,1,"Age_1","0 awards"
"Brandon Boston Jr.","NOP",42,23.6,0.436,2,3.2,2.2,1.5,10.7,3.55,0,0,NA,1,0,0,0,0,0,0,1,"Age_1","0 awards"
"Nikola Jović","MIA",46,25.1,0.456,1.9,3.9,2.8,1.1,10.7,5.7,0,0,4.4454,0,0,0,0,1,0,0,0,NA,"0 awards"
"Grayson Allen","PHO",64,24.1,0.448,1.8,3,2.1,1.1,10.6,5.43,0,0,18.125,0,1,0,0,0,0,0,1,"Age_2","0 awards"
"Keon Johnson","BRK",79,24.4,0.389,1.8,3.8,2.2,1.4,10.6,5.6,0,0,2.3496,1,0,0,0,0,0,0,1,"Age_1","0 awards"
"Terry Rozier","MIA",64,25.9,0.391,1.7,3.7,2.6,0.8,10.6,5.7,0,0,26.643,0,1,0,0,0,1,0,0,"Age_2","0 awards"
"Obi Toppin","IND",79,19.6,0.529,1.4,4,1.6,1,10.5,4.2,0,0,15.0083,1,0,0,0,1,0,0,0,"Age_1","0 awards"
"Jonas Valančiūnas","2TM",81,18.8,0.55,2,7.7,2,1.1,10.4,NA,0,0,10.1975,0,0,1,0,0,0,0,0,"Age_3","0 awards"
"Ochai Agbaji","TOR",64,27.2,0.498,0.8,3.8,1.5,1.4,10.4,5.4,0,0,6.3835,1,0,0,0,0,0,0,1,"Age_1","0 awards"
"Jaylen Wells","MEM",79,25.9,0.425,1.7,3.4,1.7,0.7,10.4,3.5,0,0,2.2462,0,0,0,0,0,0,0,1,NA,"0 awards"
"Grant Williams","CHO",16,29.9,0.439,2.3,5.1,2.3,1.9,10.4,3.8,0,0,13.9556,1,0,0,0,1,0,0,0,"Age_1","0 awards"
"Kevin Porter Jr.","2TM",75,19.8,0.449,2.3,3.7,3.4,1.3,10.3,NA,0,0,5.2624,1,0,0,0,0,0,0,1,"Age_1","0 awards"
"Jose Alvarado","NOP",56,24.4,0.392,1.3,2.4,4.6,1.6,10.3,3.55,0,0,4.5,1,0,0,0,0,1,0,0,"Age_1","0 awards"
"Nic Claxton","BRK",70,26.9,0.563,2.2,7.4,2.2,2.3,10.3,5.6,0,0,23.1477,1,0,0,0,0,0,0,0,"Age_1","0 awards"
"Herbert Jones","NOP",20,32.4,0.436,2,3.9,3.3,2.4,10.3,3.55,0,0,19.2835,1,0,0,0,0,0,1,0,"Age_1","0 awards"
"De'Anthony Melton","GSW",6,20.2,0.407,1.3,3.3,2.8,1.5,10.3,11,0,0,3.2664,1,0,0,0,0,0,0,1,"Age_1","0 awards"
"Isaiah Joe","OKC",74,21.7,0.44,0.8,2.6,1.6,0.7,10.2,4.35,0,0,11.6694,1,0,0,0,0,0,0,1,"Age_1","0 awards"
"Tyus Jones","PHO",81,26.8,0.448,0.7,2.4,5.3,1,10.2,5.43,0,0,7,0,1,0,0,0,1,0,0,"Age_2","0 awards"
"Trendon Watford","BRK",44,20.8,0.469,2.8,3.6,2.6,0.9,10.2,5.6,0,0,2.6314,1,0,0,0,1,0,0,0,"Age_1","0 awards"
"Keion Brooks Jr.","NOP",14,23.7,0.486,2.1,4.1,0.9,1.4,10.1,3.55,0,0,NA,1,0,0,0,0,0,1,0,"Age_1","0 awards"
"Luguentz Dort","OKC",71,29.2,0.435,0.6,4.1,1.6,1.6,10.1,4.35,1,0,18.2222,1,0,0,0,0,0,1,0,"Age_1","1 award"
"Justin Edwards","PHI",44,26.3,0.455,1,3.4,1.6,1.4,10.1,5.45,0,0,2.3588,0,0,0,0,0,0,1,0,NA,"0 awards"
"Derrick Jones Jr.","LAC",77,24.3,0.526,1.5,3.4,0.8,1.4,10.1,7.5,0,0,10.2381,0,1,0,0,0,0,1,0,"Age_2","0 awards"
"Ausar Thompson","DET",59,22.5,0.535,2.4,5.1,2.3,2.4,10.1,3.65,0,0,9.9465,1,0,0,0,0,0,1,0,"Age_1","0 awards"
"Chris Boucher","TOR",50,17.2,0.492,1.7,4.5,0.7,1,10,5.4,0,0,2.2963,0,0,1,0,1,0,0,0,"Age_3","0 awards"
"Andrew Nembhard","IND",65,28.9,0.458,2.1,3.3,5,1.4,10,4.2,0,0,19.5502,1,0,0,0,0,0,0,1,"Age_1","0 awards"
"Ziaire Williams","BRK",63,24.5,0.412,2,4.6,1.3,1.4,10,5.6,0,0,6.25,1,0,0,0,0,0,1,0,"Age_1","0 awards"
"Kevin Huerter","2TM",69,24.3,0.425,0.7,3,2.3,1.3,9.9,NA,0,0,17.9911,1,0,0,0,0,0,0,1,"Age_1","0 awards"
"Georges Niang","2TM",79,21.5,0.461,0.7,3.4,1.4,0.6,9.9,NA,0,0,8.2,0,1,0,0,1,0,0,0,"Age_2","0 awards"
"Julian Champagnie","SAS",82,23.6,0.415,1.1,3.9,1.4,1.1,9.9,4.4,0,0,3,1,0,0,0,0,0,1,0,"Age_1","0 awards"
"Scotty Pippen Jr.","MEM",79,21.3,0.48,2.2,3.3,4.4,1.7,9.9,3.5,0,0,2.5071,1,0,0,0,0,1,0,0,"Age_1","0 awards"
"Nick Smith Jr.","CHO",60,22.8,0.391,0.8,2.1,2.4,0.4,9.9,3.8,0,0,2.7107,0,0,0,0,0,0,0,1,NA,"0 awards"
"Bub Carrington","WAS",82,30,0.401,1,4.2,4.4,1,9.8,4.7,0,0,5.612,0,0,0,0,0,1,0,0,NA,"0 awards"
"Moses Moody","GSW",74,22.3,0.433,1.8,2.6,1.3,1.2,9.8,11,0,0,12.5,1,0,0,0,0,0,0,1,"Age_1","0 awards"
"Amir Coffey","LAC",72,24.3,0.471,1.8,2.2,1.1,0.7,9.7,7.5,0,0,2.2963,0,1,0,0,0,0,0,1,"Age_2","0 awards"
"Max Christie","2TM",78,27.3,0.427,1.9,3.3,1.9,1.2,9.6,NA,0,0,8.2857,0,0,0,0,0,0,0,1,NA,"0 awards"
"Kyle Filipowski","UTA",72,21.1,0.502,2,6.1,1.9,1,9.6,4.1,0,0,3,0,0,0,0,0,0,0,0,NA,"0 awards"
"Tosan Evbuomwan","BRK",28,23.8,0.427,2.6,4.3,2,1.3,9.5,5.6,0,0,NA,1,0,0,0,0,0,1,0,"Age_1","0 awards"
"Miles McBride","NYK",64,24.9,0.406,1,2.5,2.9,1.3,9.5,9.75,0,0,4.1449,1,0,0,0,0,0,0,1,"Age_1","0 awards"
"Jalen Wilson","BRK",79,25.7,0.397,2.1,3.4,1.8,0.6,9.5,5.6,0,0,2.2217,1,0,0,0,1,0,0,0,"Age_1","0 awards"
"Nickeil Alexander-Walker","MIN",82,25.3,0.438,1.4,3.2,2.7,1,9.4,3.6,0,0,15.1618,1,0,0,0,0,0,0,1,"Age_1","0 awards"
"Cole Anthony","ORL",67,18.4,0.424,1.7,3,2.9,1.2,9.4,3.9,0,0,15.3963,1,0,0,0,0,1,0,0,"Age_1","0 awards"
"Anthony Black","ORL",78,24.2,0.423,2.5,2.9,3.1,1.7,9.4,3.9,0,0,9.0383,0,0,0,0,0,1,0,0,NA,"0 awards"
"Max Strus","CLE",50,25.5,0.442,0.7,4.3,3.2,0.7,9.4,4.8,0,0,16.2986,0,1,0,0,0,0,1,0,"Age_2","0 awards"
"Tristan Vukcevic","WAS",35,14.7,0.496,1.9,3.7,1.1,1,9.4,4.7,0,0,NA,0,0,0,0,0,0,0,0,NA,"0 awards"
"Cam Whitmore","HOU",51,16.2,0.444,1.4,3,1,0.9,9.4,5.9,0,0,4.499,0,0,0,0,0,0,1,0,NA,"0 awards"
"Nick Richards","2TM",57,22,0.591,2.8,8.2,0.9,1.2,9.3,NA,0,0,5,0,1,0,0,0,0,0,0,"Age_2","0 awards"
"Kel'el Ware","MIA",64,22.2,0.554,1,7.4,0.9,1.7,9.3,5.7,0,0,5.4114,0,0,0,0,0,0,0,0,NA,"0 awards"
"Zach Edey","MEM",66,21.5,0.58,1.9,8.3,1,1.8,9.2,3.5,0,0,6.8152,1,0,0,0,0,0,0,0,"Age_1","0 awards"
"Wendell Carter Jr.","ORL",68,25.9,0.46,2.6,7.2,2,1.4,9.1,3.9,0,0,17.3751,1,0,0,0,0,0,0,0,"Age_1","0 awards"
"Noah Clowney","BRK",46,22.7,0.358,1.7,3.9,0.9,1,9.1,5.6,0,0,4.4063,0,0,0,0,1,0,0,0,NA,"0 awards"
"Dalton Knecht","LAL",78,19.2,0.461,1.1,2.8,0.8,0.4,9.1,10,0,0,4.888,1,0,0,0,0,0,1,0,"Age_1","0 awards"
"A.J. Lawson","TOR",26,18.7,0.421,2.4,3.3,1.2,0.7,9.1,5.4,0,0,NA,1,0,0,0,0,0,0,1,"Age_1","0 awards"
"T.J. McConnell","IND",79,17.9,0.519,1,2.4,4.4,1.4,9.1,4.2,0,0,11.2,0,0,1,0,0,1,0,0,"Age_3","0 awards"
"Yves Missi","NOP",73,26.8,0.547,2.8,8.2,1.4,1.8,9.1,3.55,0,0,4.1539,0,0,0,0,0,0,0,0,NA,"0 awards"
"Royce O'Neale","PHO",75,24.5,0.423,0.3,4.7,2.2,1.4,9.1,5.43,0,0,10.875,0,1,0,0,0,0,1,0,"Age_2","0 awards"
"Jared Butler","2TM",60,17.4,0.448,1.5,1.8,3.7,0.9,9,NA,0,0,NA,1,0,0,0,0,0,0,1,"Age_1","0 awards"
"Marcus Smart","2TM",34,20,0.393,2.1,2.1,3.2,1.4,9,NA,0,0,16.0558,0,1,0,0,0,1,0,0,"Age_2","0 awards"
"Draymond Green","GSW",68,29.2,0.424,2.2,6.1,5.6,2.5,9,11,1,0,26.7857,0,0,1,0,1,0,0,0,"Age_3","1 award"
"Killian Hayes","BRK",6,27,0.419,2,3,5.2,1.4,9,5.6,0,0,NA,1,0,0,0,0,1,0,0,"Age_1","0 awards"
"Al Horford","BOS",60,27.7,0.423,0.6,6.2,2.1,1.5,9,6.7,0,0,5.8271,0,0,0,1,0,0,0,0,"Age_4","0 awards"
"Julian Strawther","DEN",65,21.3,0.432,1.4,2.2,1.3,0.8,9,4.6,0,0,3.7506,1,0,0,0,0,0,0,1,"Age_1","0 awards"
"Patrick Williams","CHI",63,25,0.397,1.3,3.8,2,1.3,9,6,0,0,18,1,0,0,0,1,0,0,0,"Age_1","0 awards"
"Jusuf Nurkić","2TM",51,20.8,0.477,2.5,7.8,2.3,1.5,8.9,NA,0,0,19.375,0,1,0,0,0,0,0,0,"Age_2","0 awards"
"Clint Capela","ATL",55,21.4,0.559,1.8,8.5,1.1,1.6,8.9,5,0,0,7.035,0,1,0,0,0,0,0,0,"Age_2","0 awards"
"Johnny Juzang","UTA",64,19.8,0.429,0.8,2.9,1.1,0.7,8.9,4.1,0,0,NA,1,0,0,0,0,0,0,1,"Age_1","0 awards"
"Luke Kennard","MEM",65,22.6,0.478,0.9,2.8,3.3,0.9,8.9,3.5,0,0,11,0,1,0,0,0,0,0,1,"Age_2","0 awards"
"Justin Champagnie","WAS",62,21.6,0.511,1.2,5.7,1,1.6,8.8,4.7,0,0,2.6742,1,0,0,0,0,0,1,0,"Age_1","0 awards"
"Svi Mykhailiuk","UTA",38,20,0.391,0.9,2.4,2,0.7,8.8,4.1,0,0,3.85,0,1,0,0,0,0,1,0,"Age_2","0 awards"
"Chris Paul","SAS",82,28,0.427,1.1,3.6,7.4,1.6,8.8,4.4,0,0,2.2963,0,0,0,1,0,1,0,0,"Age_4","0 awards"
"Kelly Olynyk","2TM",44,20.3,0.5,2.5,4.7,2.9,1.2,8.7,NA,0,0,13.4451,0,0,1,0,0,0,0,0,"Age_3","0 awards"
"Dorian Finney-Smith","2TM",63,28.9,0.448,0.7,3.9,1.4,1.3,8.7,NA,0,0,13.1762,0,1,0,0,1,0,0,0,"Age_2","0 awards"
"Oshae Brissett","PHI",6,23.7,0.487,2.3,3.7,0.7,1.2,8.7,5.45,0,0,NA,1,0,0,0,0,0,1,0,"Age_1","0 awards"
"Kentavious Caldwell-Pope","ORL",77,29.6,0.439,1.2,2.2,1.8,1.7,8.7,3.9,0,0,21.6215,0,1,0,0,0,0,0,1,"Age_2","0 awards"
"Isaiah Collier","UTA",71,25.9,0.422,2.2,3.3,6.3,1.1,8.7,4.1,0,0,3.4637,0,0,0,0,0,1,0,0,NA,"0 awards"
"Dante Exum","DAL",20,18.6,0.478,1.6,1.7,2.8,0.8,8.7,5.1,0,0,2.2963,0,1,0,0,0,1,0,0,"Age_2","0 awards"
"Kyshawn George","WAS",68,26.5,0.372,1.4,4.2,2.5,1.7,8.7,4.7,0,0,3.8369,0,0,0,0,0,0,0,1,NA,"0 awards"
"Jaden Hardy","DAL",57,15.9,0.435,1.5,1.6,1.4,0.6,8.7,5.1,0,0,6,1,0,0,0,0,0,0,1,"Age_1","0 awards"
"Dereck Lively II","DAL",36,23.1,0.702,2,7.5,2.4,2.2,8.7,5.1,0,0,6.2462,0,0,0,0,0,0,0,0,NA,"0 awards"
"Tyrese Martin","BRK",60,21.9,0.406,1,3.7,2,0.8,8.7,5.6,0,0,2.1919,1,0,0,0,0,0,0,1,"Age_1","0 awards"
"Matas Buzelis","CHI",80,18.9,0.454,1.4,3.5,1,1.3,8.6,6,0,0,6.2517,0,0,0,0,0,0,1,0,NA,"0 awards"
"Jaime Jaquez Jr.","MIA",66,20.7,0.461,2.2,4.4,2.5,1.1,8.6,5.7,0,0,4.9004,1,0,0,0,0,0,1,0,"Age_1","0 awards"
"Ja'Kobe Walter","TOR",52,21.2,0.405,1.6,3.1,1.6,1,8.6,5.4,0,0,4.44,0,0,0,0,0,0,0,1,NA,"0 awards"
"Sam Hauser","BOS",71,21.7,0.451,0.2,3.2,0.9,0.8,8.5,6.7,0,0,11.25,0,1,0,0,1,0,0,0,"Age_2","0 awards"
"Larry Nance Jr.","ATL",24,19.3,0.516,0.5,4.3,1.6,1.3,8.5,5,0,0,2.2963,0,0,1,0,1,0,0,0,"Age_3","0 awards"
"Jared Rhoden","2TM",14,16.2,0.483,1.8,3,1.1,0.8,8.4,NA,0,0,NA,1,0,0,0,0,0,0,1,"Age_1","0 awards"
"Jaylen Nowell","NOP",8,21,0.356,1.4,2.5,2.3,0.6,8.4,3.55,0,0,NA,1,0,0,0,0,0,0,1,"Age_1","0 awards"
"Cason Wallace","OKC",68,27.6,0.474,0.5,3.4,2.5,2.3,8.4,4.35,0,0,6.6205,0,0,0,0,0,0,0,1,NA,"0 awards"
"Bruce Brown","2TM",41,22.5,0.421,1.6,4,2,1,8.3,NA,0,0,2.2963,0,1,0,0,0,1,0,0,"Age_2","0 awards"
"Dalano Banton","POR",67,16.7,0.391,1.9,2,2.4,1.1,8.3,4.25,0,0,NA,1,0,0,0,0,1,0,0,"Age_1","0 awards"
"Brandon Clarke","MEM",64,18.9,0.621,1.4,5.1,1,1.4,8.3,3.5,0,0,12.5,0,1,0,0,1,0,0,0,"Age_2","0 awards"
"Keon Ellis","SAC",80,24.4,0.489,1.1,2.7,1.5,2.3,8.3,4.45,0,0,2.3016,1,0,0,0,0,0,0,1,"Age_1","0 awards"
"Brandon Williams","DAL",33,14.8,0.521,2,1.8,2.3,0.9,8.3,5.1,0,0,2.2707,1,0,0,0,0,1,0,0,"Age_1","0 awards"
"Mike Conley","MIN",71,24.7,0.4,1.3,2.6,4.5,1.3,8.2,3.6,0,0,10.774,0,0,0,1,0,1,0,0,"Age_4","0 awards"
"Taurean Prince","MIL",80,27.1,0.457,0.6,3.6,1.9,1.2,8.2,4.3,0,0,3.5598,0,1,0,0,0,0,1,0,"Age_2","0 awards"
"Jalen Smith","CHI",64,15,0.466,1.4,5.6,1,1,8.2,6,0,0,9.2143,1,0,0,0,0,0,0,0,"Age_1","0 awards"
"Quinten Post","GSW",42,16.3,0.449,0.6,3.5,1.3,0.8,8.1,11,0,0,1.9554,1,0,0,0,1,0,0,0,"Age_1","0 awards"
"Peyton Watson","DEN",68,24.4,0.477,2,3.4,1.4,2.1,8.1,4.6,0,0,4.3565,1,0,0,0,0,0,1,0,"Age_1","0 awards"
"Davion Mitchell","2TM",74,27.4,0.468,1.1,2.3,4.9,1.2,7.9,NA,0,0,12,1,0,0,0,0,1,0,0,"Age_1","0 awards"
"Caleb Martin","2TM",45,27.1,0.424,2.2,3.9,2.1,1.5,7.9,NA,0,0,9.6556,0,1,0,0,0,0,1,0,"Age_2","0 awards"
"Tyson Etienne","BRK",7,21.6,0.327,1.4,1.3,1.7,0.5,7.9,5.6,0,0,NA,1,0,0,0,0,1,0,0,"Age_1","0 awards"
"Day'Ron Sharpe","BRK",50,18.1,0.521,1.5,6.6,1.8,1.6,7.9,5.6,0,0,6.25,1,0,0,0,0,0,0,0,"Age_1","0 awards"
"KJ Simpson","CHO",36,23.4,0.346,1.4,3,3.1,1.1,7.8,3.8,0,0,NA,1,0,0,0,0,1,0,0,"Age_1","0 awards"
"Terance Mann","2TM",67,21.1,0.496,1,3,1.8,0.9,7.7,NA,0,0,15.6667,0,1,0,0,0,0,0,1,"Age_2","0 awards"
"Karlo Matković","NOP",42,18.8,0.574,1,5,1.1,1.5,7.7,3.55,0,0,2.1258,1,0,0,0,1,0,0,0,"Age_1","0 awards"
"AJ Johnson","2TM",29,22,0.385,1.3,2,2.6,0.5,7.6,NA,0,0,3.9403,0,0,0,0,0,0,0,1,NA,"0 awards"
"Lonzo Ball","CHI",35,22.2,0.366,0.8,3.4,3.3,1.8,7.6,6,0,0,10,0,1,0,0,0,1,0,0,"Age_2","0 awards"
"Oscar Tshiebwe","UTA",14,18.2,0.6,2.2,8.7,0.6,1,7.6,4.1,0,0,NA,1,0,0,0,0,0,0,0,"Age_1","0 awards"
"Garrison Mathews","ATL",47,17.7,0.397,1.7,1.9,1.3,0.9,7.5,5,0,0,NA,0,1,0,0,0,0,0,1,"Age_2","0 awards"
"Matisse Thybulle","POR",15,20.8,0.477,1,3.5,1.9,2.8,7.5,4.25,0,0,11.55,0,1,0,0,0,0,0,1,"Age_2","0 awards"
"A.J. Green","MIL",73,22.7,0.429,0.4,2.4,1.5,0.6,7.4,4.3,0,0,2.3016,1,0,0,0,0,0,0,1,"Age_1","0 awards"
"Josh Green","CHO",68,27.8,0.428,1.1,2.5,1.6,1.3,7.4,3.8,0,0,14.1728,1,0,0,0,0,0,0,1,"Age_1","0 awards"
"Richaun Holmes","WAS",31,17.2,0.647,1.9,5.7,1.4,1,7.4,4.7,0,0,NA,0,1,0,0,1,0,0,0,"Age_2","0 awards"
"Damion Baugh","CHO",15,24.7,0.323,1,3.3,3.7,1.1,7.3,3.8,0,0,NA,1,0,0,0,0,0,0,1,"Age_1","0 awards"
"Alec Burks","MIA",49,17.6,0.424,1,2.5,1.1,0.7,7.3,5.7,0,0,NA,0,0,1,0,0,0,0,1,"Age_3","0 awards"
"Ricky Council IV","PHI",73,17.1,0.382,2.1,2.9,1.3,0.6,7.3,5.45,0,0,2.2217,1,0,0,0,0,0,1,0,"Age_1","0 awards"
"Andre Drummond","PHI",40,18.8,0.5,2.3,7.8,0.9,1.5,7.3,5.45,0,0,5,0,1,0,0,0,0,0,0,"Age_2","0 awards"
"Tre Jones","2TM",46,19.7,0.538,1.5,2.5,4.2,1,7.2,NA,0,0,8,1,0,0,0,0,1,0,0,"Age_1","0 awards"
"Goga Bitadze","ORL",70,20.4,0.611,1.9,6.6,2,2.1,7.2,3.9,0,0,7.971,1,0,0,0,0,0,0,0,"Age_1","0 awards"
"Tristan Da Silva","ORL",74,22,0.412,0.9,3.3,1.5,0.6,7.2,3.9,0,0,4.6464,1,0,0,0,0,0,1,0,"Age_1","0 awards"
"GG Jackson II","MEM",29,15.8,0.372,1.4,3.2,1,0.6,7.2,3.5,0,0,2.3139,0,0,0,0,1,0,0,0,NA,"0 awards"
"Vit Krejci","ATL",57,20.2,0.497,0.8,2.7,2.6,1.1,7.2,5,0,0,2.6742,1,0,0,0,0,1,0,0,"Age_1","0 awards"
"Sam Merrill","CLE",71,19.7,0.406,0.4,2.2,1.5,0.9,7.2,4.8,0,0,9.5,0,1,0,0,0,0,0,1,"Age_2","0 awards"
"Daeqwon Plowden","ATL",6,12,0.64,0.3,1.8,0.3,0,7.2,5,0,0,NA,1,0,0,0,0,0,0,1,"Age_1","0 awards"
"Nae'Qwan Tomlin","CLE",5,12.6,0.406,2.2,4.2,0.4,0.2,7.2,4.8,0,0,NA,1,0,0,0,1,0,0,0,"Age_1","0 awards"
"Josh Okogie","2TM",40,15.6,0.443,2.1,2.8,0.8,1.7,7.1,NA,0,0,2.2963,1,0,0,0,0,0,0,1,"Age_1","0 awards"
"Jalen Hood-Schifino","2TM",15,21,0.378,1.4,1.8,2.5,0.8,7.1,NA,0,0,NA,0,0,0,0,0,0,0,1,NA,"0 awards"
"Jamison Battle","TOR",59,17.7,0.429,0.3,2.7,0.9,0.5,7.1,5.4,0,0,2.1258,1,0,0,0,0,0,1,0,"Age_1","0 awards"
"Alex Caruso","OKC",54,19.3,0.446,0.9,2.9,2.5,2.2,7.1,4.35,0,0,20.2742,0,1,0,0,0,0,0,1,"Age_2","0 awards"
"Jamal Shead","TOR",75,19.6,0.405,0.9,1.5,4.2,0.9,7.1,5.4,0,0,2.1258,1,0,0,0,0,1,0,0,"Age_1","0 awards"
"Jeff Dowtin Jr.","PHI",41,15.1,0.487,1.1,1.5,1.9,0.9,7,5.45,0,0,NA,0,1,0,0,0,1,0,0,"Age_2","0 awards"
"Marcus Garrett","CHO",4,19.8,0.407,1,1.5,3.3,1.3,7,3.8,0,0,NA,1,0,0,0,0,0,0,1,"Age_1","0 awards"
"Isaiah Jackson","IND",5,16.8,0.609,2.8,5.6,1,2.2,7,4.2,0,0,7,1,0,0,0,0,0,0,0,"Age_1","0 awards"
"Jaylen Sims","CHO",6,18.7,0.429,2.5,1,2,0.7,7,3.8,0,0,NA,1,0,0,0,0,0,0,1,"Age_1","0 awards"
"Orlando Robinson","2TM",44,17.5,0.444,1.6,5,1.8,0.8,6.9,NA,0,0,NA,1,0,0,0,0,0,0,0,"Age_1","0 awards"
"Jake LaRavia","2TM",66,20.4,0.475,1.7,3.9,2.4,1.2,6.9,NA,0,0,6,1,0,0,0,1,0,0,0,"Age_1","0 awards"
"Ryan Dunn","PHO",74,19.1,0.43,0.5,3.6,0.8,1.1,6.9,5.43,0,0,3.4892,1,0,0,0,0,0,1,0,"Age_1","0 awards"
"Jay Huff","MEM",64,11.7,0.515,0.9,2,0.6,1.2,6.9,3.5,0,0,2.6742,1,0,0,0,0,0,0,0,"Age_1","0 awards"
"Cameron Payne","NYK",72,15.1,0.401,0.8,1.4,2.8,0.7,6.9,9.75,0,0,NA,0,1,0,0,0,1,0,0,"Age_2","0 awards"
"Antonio Reeves","NOP",44,15,0.456,0.8,1.4,0.9,0.6,6.9,3.55,0,0,NA,1,0,0,0,0,0,0,1,"Age_1","0 awards"
"Cody Martin","2TM",53,22.1,0.418,1.2,4.2,2,1.7,6.8,NA,0,0,NA,0,1,0,0,0,0,1,0,"Age_2","0 awards"
"Bol Bol","PHO",36,12.4,0.525,0.7,2.9,0.6,1,6.8,5.43,0,0,NA,1,0,0,0,1,0,0,0,"Age_1","0 awards"
"Eric Gordon","PHI",39,19.7,0.426,1.2,1.2,1.7,1,6.8,5.45,0,0,2.2963,0,0,0,1,0,0,0,1,"Age_4","0 awards"
"Jaxson Hayes","LAL",56,19.5,0.722,1.8,4.8,1,1.5,6.8,10,0,0,3.4493,1,0,0,0,0,0,0,0,"Age_1","0 awards"
"Marcus Bagley","PHI",10,25.3,0.391,1,7,1,2.1,6.7,5.45,0,0,NA,1,0,0,0,0,0,1,0,"Age_1","0 awards"
"DaQuan Jeffries","CHO",47,22.8,0.405,0.6,2.9,1.1,1.1,6.7,3.8,0,0,NA,0,1,0,0,0,0,0,1,"Age_2","0 awards"
"Lester Quiñones","2TM",13,14.1,0.397,1,1.5,1.8,0.4,6.6,NA,0,0,NA,1,0,0,0,0,0,0,1,"Age_1","0 awards"
"Vasilije Micić","2TM",41,19.1,0.348,1,2.2,3.1,0.4,6.6,NA,0,0,8.1092,0,1,0,0,0,1,0,0,"Age_2","0 awards"
"Precious Achiuwa","NYK",57,20.5,0.502,1.2,5.6,1,1.5,6.6,9.75,0,0,NA,1,0,0,0,0,0,0,0,"Age_1","0 awards"
"Trayce Jackson-Davis","GSW",62,15.6,0.576,1.6,5,1.7,1,6.6,11,0,0,2.3139,1,0,0,0,0,0,0,0,"Age_1","0 awards"
"Marcus Sasser","DET",57,14.2,0.463,0.9,1.2,2.3,0.7,6.6,3.65,0,0,4.0429,1,0,0,0,0,1,0,0,"Age_1","0 awards"
"Vince Williams Jr.","MEM",27,18.5,0.401,0.9,3.6,2,0.7,6.6,3.5,0,0,2.3957,1,0,0,0,0,0,0,1,"Age_1","0 awards"
"Thomas Bryant","2TM",66,14.6,0.508,1,3.8,0.8,1,6.5,NA,0,0,2.2963,0,1,0,0,0,0,0,0,"Age_2","0 awards"
"Donovan Clingan","POR",67,19.8,0.539,1.6,7.9,1.1,2.1,6.5,4.25,0,0,8.0829,0,0,0,0,0,0,0,0,NA,"0 awards"
"Seth Curry","CHO",68,15.6,0.478,0.6,1.7,0.9,0.5,6.5,3.8,0,0,NA,0,0,1,0,0,0,0,1,"Age_3","0 awards"
"Haywood Highsmith","MIA",74,24.6,0.458,0.6,3.4,1.5,1.4,6.5,5.7,0,0,5.616,0,1,0,0,0,0,1,0,"Age_2","0 awards"
"Talen Horton-Tucker","CHI",58,12.5,0.457,1.7,1.7,1.4,0.6,6.5,6,0,0,NA,1,0,0,0,0,0,0,1,"Age_1","0 awards"
"Trey Lyles","SAC",69,19.6,0.42,1.2,4.6,1.2,0.9,6.5,4.45,0,0,NA,0,1,0,0,1,0,0,0,"Age_2","0 awards"
"Ajay Mitchell","OKC",36,16.6,0.495,1,1.9,1.8,0.8,6.5,4.35,0,0,2.9,1,0,0,0,0,0,0,1,"Age_1","0 awards"
"Gary Payton II","GSW",62,15,0.574,0.6,3,1.3,1.1,6.5,11,0,0,2.2963,0,0,1,0,0,0,0,1,"Age_3","0 awards"
"Zach Collins","2TM",64,15.3,0.507,1.2,4.5,1.7,1,6.4,NA,0,0,18.0805,0,1,0,0,1,0,0,0,"Age_2","0 awards"
"Kris Dunn","LAC",74,24.1,0.439,0.3,3.4,2.8,2.1,6.4,7.5,0,0,5.5556,0,1,0,0,0,1,0,0,"Age_2","0 awards"
"Ron Holland","DET",81,15.6,0.474,1.5,2.7,1,0.8,6.4,3.65,0,0,9.7394,0,0,0,0,0,0,1,0,NA,"0 awards"
"KJ Martin","2TM",43,21.2,0.552,1.1,2.9,1.1,0.9,6.4,NA,0,0,NA,1,0,0,0,1,0,0,0,"Age_1","0 awards"
"Gabe Vincent","LAL",72,21.2,0.4,0.3,1.3,1.4,0.9,6.4,10,0,0,11.5,0,1,0,0,0,1,0,0,"Age_2","0 awards"
"Sandro Mamukelashvili","SAS",61,11.2,0.502,1,3.1,0.8,0.7,6.3,4.4,0,0,2.6314,1,0,0,0,1,0,0,0,"Age_1","0 awards"
"Jeremiah Robinson-Earl","NOP",66,18.8,0.455,0.8,4.8,1.3,0.7,6.3,3.55,0,0,NA,1,0,0,0,1,0,0,0,"Age_1","0 awards"
"Kenrich Williams","OKC",69,16.4,0.483,0.6,3.5,1.4,0.7,6.3,4.35,0,0,7.163,0,1,0,0,1,0,0,0,"Age_2","0 awards"
"Bones Hyland","2TM",24,10,0.398,1.1,1,1.3,1,6.2,NA,0,0,2.2963,1,0,0,0,0,1,0,0,"Age_1","0 awards"
"Jonathan Mogbo","TOR",63,20.4,0.438,1.3,4.9,2.3,1.4,6.2,5.4,0,0,2.1258,1,0,0,0,1,0,0,0,"Age_1","0 awards"
"Ryan Rollins","MIL",56,14.6,0.487,0.8,1.9,1.9,1.1,6.2,4.3,0,0,4,1,0,0,0,0,1,0,0,"Age_1","0 awards"
"Dru Smith","MIA",14,19.1,0.508,0.9,2.6,1.6,1.9,6.2,5.7,0,0,2.6327,0,1,0,0,0,0,0,1,"Age_2","0 awards"
"Isaac Okoro","CLE",55,19.1,0.464,0.8,2.4,1.2,0.9,6.1,4.8,0,0,11.4074,1,0,0,0,0,0,0,1,"Age_1","0 awards"
"Jarace Walker","IND",75,15.8,0.472,0.9,3.1,1.5,1,6.1,4.2,0,0,7.572,0,0,0,0,1,0,0,0,NA,"0 awards"
"N'Faly Dante","HOU",4,12.8,0.769,1.3,5.3,0.5,1.6,6,5.9,0,0,2.2298,1,0,0,0,0,0,0,0,"Age_1","0 awards"
"Mouhamed Gueye","ATL",33,16.2,0.421,1.3,4.2,0.8,1.8,6,5,0,0,2.3139,1,0,0,0,1,0,0,0,"Age_1","0 awards"
"Luke Kornet","BOS",73,18.6,0.668,1.3,5.3,1.6,1.5,6,6.7,0,0,10.175,0,1,0,0,0,0,0,0,"Age_2","0 awards"
"Isaiah Mobley","PHI",1,17,0.286,2,4,5,2,6,5.45,0,0,NA,1,0,0,0,1,0,0,0,"Age_1","0 awards"
"Isaiah Stewart","DET",72,19.9,0.559,1.2,5.5,1.7,1.8,6,3.65,0,0,15,1,0,0,0,0,0,0,0,"Age_1","0 awards"
"James Wiseman","IND",1,5,0.5,2,1,0,0,6,4.2,0,0,1,1,0,0,0,0,0,0,0,"Age_1","0 awards"
"Isaiah Wong","CHO",20,13.3,0.39,1.7,1.6,1.4,0.6,6,3.8,0,0,NA,1,0,0,0,0,0,0,1,"Age_1","0 awards"
"Cole Swider","2TM",10,16.9,0.349,0.1,2.7,0.3,0.6,5.9,NA,0,0,NA,1,0,0,0,0,0,1,0,"Age_1","0 awards"
"Chuma Okeke","2TM",9,21.8,0.5,0.3,5.2,1.7,1,5.9,NA,0,0,2.5467,1,0,0,0,1,0,0,0,"Age_1","0 awards"
"Kyle Anderson","2TM",61,16.4,0.469,1.1,3.4,2.4,1.2,5.9,NA,0,0,9.439,0,1,0,0,1,0,0,0,"Age_2","0 awards"
"Simone Fontecchio","DET",75,16.5,0.402,1.1,2.9,0.9,0.6,5.9,3.65,0,0,8.3077,0,1,0,0,0,0,1,0,"Age_2","0 awards"
"Collin Gillespie","PHO",33,14,0.43,0.7,2.4,2.4,0.8,5.9,5.43,0,0,2.2963,1,0,0,0,0,1,0,0,"Age_1","0 awards"
"Tidjane Salaün","CHO",60,20.7,0.33,1.6,4.7,1.2,0.7,5.9,3.8,0,0,8.8489,0,0,0,0,1,0,0,0,NA,"0 awards"
"Jaylin Williams","OKC",47,16.7,0.439,0.6,5.6,2.6,1.1,5.9,4.35,0,0,8,1,0,0,0,1,0,0,0,"Age_1","0 awards"
"Moses Brown","2TM",13,9.2,0.694,0.8,3.4,0.2,0.8,5.8,NA,0,0,NA,1,0,0,0,0,0,0,0,"Age_1","0 awards"
"Adem Bona","PHI",58,15.6,0.703,1.7,4.2,0.5,1.6,5.8,5.45,0,0,2.2462,0,0,0,0,0,0,0,0,NA,"0 awards"
"Quenton Jackson","IND",28,13.6,0.475,1.4,1.6,1.9,1,5.8,4.2,0,0,NA,1,0,0,0,0,1,0,0,"Age_1","0 awards"
"Robert Williams","POR",20,17.6,0.641,0.9,5.9,1.1,2.4,5.8,4.25,0,0,13.2857,0,1,0,0,0,0,0,0,"Age_2","0 awards"
"Moussa Diabaté","CHO",71,17.5,0.596,1.6,6.2,0.8,1.2,5.7,3.8,0,0,2.3661,1,0,0,0,0,0,0,0,"Age_1","0 awards"
"Dariq Whitehead","BRK",20,12.3,0.406,0.3,1.5,0.6,0.4,5.7,5.6,0,0,3.2626,0,0,0,0,0,0,1,0,NA,"0 awards"
"Landry Shamet","NYK",50,15.2,0.461,0.4,1.2,0.5,0.5,5.7,9.75,0,0,2.2963,0,1,0,0,0,0,0,1,"Age_2","0 awards"
"Jordan Goodwin","LAL",29,18.7,0.438,0.4,3.9,1.4,1.4,5.6,10,0,0,2.3496,1,0,0,0,0,1,0,0,"Age_1","0 awards"
"Shake Milton","2TM",57,14.7,0.453,1,1.8,1.8,0.5,5.5,NA,0,0,3.1437,0,1,0,0,0,0,0,1,"Age_2","0 awards"
"Aaron Holiday","HOU",62,12.8,0.437,0.7,1.3,1.3,0.5,5.5,5.9,0,0,2.2963,0,1,0,0,0,1,0,0,"Age_2","0 awards"
"Jeff Green","HOU",32,12.4,0.504,0.8,1.8,0.6,0.3,5.4,5.9,0,0,2.2963,0,0,0,1,1,0,0,0,"Age_4","0 awards"
"Jonathan Isaac","ORL",71,15.4,0.414,1.5,4.4,0.6,2,5.4,3.9,0,0,14.75,0,1,0,0,1,0,0,0,"Age_2","0 awards"
"Dean Wade","CLE",59,21.2,0.413,0.5,4.2,1.3,1,5.4,4.8,0,0,6.6235,0,1,0,0,1,0,0,0,"Age_2","0 awards"
"Keaton Wallace","ATL",31,16.2,0.401,0.4,1.6,2.6,1.2,5.4,5,0,0,NA,1,0,0,0,0,1,0,0,"Age_1","0 awards"
"Kobe Bufkin","ATL",10,12.4,0.383,1.8,2.1,1.7,0.5,5.3,5,0,0,4.5037,0,0,0,0,0,0,0,1,NA,"0 awards"
"Jamal Cain","NOP",37,13.6,0.43,1.4,2.3,0.6,0.8,5.3,3.55,0,0,NA,1,0,0,0,0,0,1,0,"Age_1","0 awards"
"Pat Connaughton","MIL",41,14.7,0.469,0.8,2.7,1.7,0.5,5.3,4.3,0,0,9.4239,0,0,1,0,0,0,0,1,"Age_3","0 awards"
"Kevin Love","MIA",23,10.9,0.357,1,4.1,1,0.9,5.3,5.7,0,0,4.15,0,0,0,1,1,0,0,0,"Age_4","0 awards"
"Ben Sheppard","IND",63,19.5,0.418,0.4,2.8,1.3,0.8,5.3,4.2,0,0,3.9112,1,0,0,0,0,0,0,1,"Age_1","0 awards"
"Monte Morris","PHO",45,12.7,0.426,0.9,1.5,1.6,0.5,5.2,5.43,0,0,NA,0,1,0,0,0,1,0,0,"Age_2","0 awards"
"Jabari Walker","POR",60,12.5,0.515,1.2,3.5,0.6,0.7,5.2,4.25,0,0,NA,1,0,0,0,1,0,0,0,"Age_1","0 awards"
"Javonte Green","2TM",68,18.5,0.429,1.1,3.2,0.8,1.5,5.1,NA,0,0,2.2963,0,1,0,0,0,0,0,1,"Age_2","0 awards"
"Alex Reese","2TM",15,14.4,0.481,0.8,3.1,0.3,1.4,5.1,NA,0,0,NA,1,0,0,0,1,0,0,0,"Age_1","0 awards"
"Bismack Biyombo","SAS",28,18.9,0.588,0.9,5.6,1.1,1.4,5.1,4.4,0,0,2.2963,0,0,1,0,0,0,0,0,"Age_3","0 awards"
"Mitchell Robinson","NYK",17,17.1,0.661,1.1,5.9,0.8,2,5.1,9.75,0,0,12.9545,1,0,0,0,0,0,0,0,"Age_1","0 awards"
"Kai Jones","2TM",40,11.7,0.798,0.8,3.1,0.6,1,5,NA,0,0,NA,1,0,0,0,0,0,0,0,"Age_1","0 awards"
"Ben Simmons","2TM",51,22,0.52,0.6,4.7,5.6,1.2,5,NA,0,0,NA,0,1,0,0,0,1,0,0,"Age_2","0 awards"
"Malaki Branham","SAS",47,9.1,0.458,0.7,1.1,0.8,0.2,5,4.4,0,0,4.962,0,0,0,0,0,0,0,1,NA,"0 awards"
"Neemias Queta","BOS",62,13.9,0.65,1,3.8,0.7,1,5,6.7,0,0,2.5088,1,0,0,0,0,0,0,0,"Age_1","0 awards"
"Alondes Williams","DET",1,4,1,0,0,1,0,5,3.65,0,0,NA,1,0,0,0,0,0,0,1,"Age_1","0 awards"
"Jaylen Martin","2TM",16,14.9,0.419,0.6,2.8,1.1,0.6,4.9,NA,0,0,NA,0,0,0,0,0,0,1,0,NA,"0 awards"
"Lindy Waters III","2TM",52,15,0.369,0.2,2.1,1,0.7,4.9,NA,0,0,2.2963,0,1,0,0,0,0,0,1,"Age_2","0 awards"
"Trevelin Queen","ORL",31,13.9,0.381,0.7,1.7,1.2,1.3,4.9,3.9,0,0,NA,0,1,0,0,0,0,0,1,"Age_2","0 awards"
"Jock Landale","HOU",42,11.9,0.533,1,3.3,0.9,0.5,4.8,5.9,0,0,10.2963,0,1,0,0,0,0,0,0,"Age_2","0 awards"
"Colin Castleton","3TM",26,16.6,0.469,1.5,4.7,1.1,0.7,4.7,NA,0,0,NA,1,0,0,0,0,0,0,0,"Age_1","0 awards"
"Taylor Hendricks","UTA",3,25,0.222,1.3,5,0.7,3,4.7,4.1,0,0,6.9665,0,0,0,0,1,0,0,0,NA,"0 awards"
"David Roddy","3TM",33,12.4,0.456,0.8,2.5,1.1,0.7,4.6,NA,0,0,NA,1,0,0,0,1,0,0,0,"Age_1","0 awards"
"Drew Eubanks","2TM",61,12.2,0.593,1.2,3.7,0.9,0.8,4.6,NA,0,0,2.2963,0,1,0,0,0,0,0,0,"Age_2","0 awards"
"Pelle Larsson","MIA",55,14.2,0.438,1.1,1.7,1.2,0.7,4.6,5.7,0,0,2.1258,1,0,0,0,0,0,0,1,"Age_1","0 awards"
"Julian Phillips","CHI",79,14.2,0.446,1,2.1,0.5,0.8,4.6,6,0,0,2.3139,0,0,0,0,0,0,1,0,NA,"0 awards"
"Cody Williams","UTA",50,21.2,0.323,0.8,2.3,1.2,0.8,4.6,4.1,0,0,6.476,0,0,0,0,0,0,0,1,NA,"0 awards"
"Rob Dillingham","MIN",49,10.5,0.441,0.3,1,2,0.4,4.5,3.6,0,0,7.4096,0,0,0,0,0,1,0,0,NA,"0 awards"
"Jett Howard","ORL",60,11.7,0.374,0.4,1.2,0.7,0.4,4.5,3.9,0,0,6.4338,0,0,0,0,0,0,1,0,NA,"0 awards"
"Kevon Looney","GSW",76,15,0.514,1.3,6.1,1.6,1.1,4.5,11,0,0,8,0,1,0,0,0,0,0,0,"Age_2","0 awards"
"Mason Plumlee","PHO",74,17.6,0.619,1.7,6.1,1.8,1,4.5,5.43,0,0,2.2963,0,0,1,0,0,0,0,0,"Age_3","0 awards"
"Dalen Terry","CHI",73,13.5,0.448,0.9,1.7,1.3,0.8,4.5,6,0,0,5.3991,1,0,0,0,0,0,0,1,"Age_1","0 awards"
"Marvin Bagley III","2TM",31,8.5,0.519,1.1,2.7,0.4,0.6,4.4,NA,0,0,2.2963,1,0,0,0,1,0,0,0,"Age_1","0 awards"
"Charles Bassey","SAS",36,10.4,0.581,0.9,4.2,0.5,1.2,4.4,4.4,0,0,NA,1,0,0,0,0,0,0,0,"Age_1","0 awards"
"Tony Bradley","IND",14,8.1,0.644,0.4,3,0.4,0.7,4.4,4.2,0,0,2.9409,0,1,0,0,0,0,0,0,"Age_2","0 awards"
"Reggie Jackson","PHI",31,12.4,0.391,0.3,1.4,1.5,0.6,4.4,5.45,0,0,NA,0,0,1,0,0,1,0,0,"Age_3","0 awards"
"Reed Sheppard","HOU",52,12.6,0.351,0.3,1.5,1.4,1,4.4,5.9,0,0,11.918,0,0,0,0,0,1,0,0,NA,"0 awards"
"Lamar Stevens","MEM",17,9.1,0.46,0.6,2.2,0.5,0.5,4.4,3.5,0,0,NA,0,1,0,0,1,0,0,0,"Age_2","0 awards"
"Mo Bamba","2TM",32,12.9,0.464,0.8,4.5,0.6,1.3,4.3,NA,0,0,NA,1,0,0,0,0,0,0,0,"Age_1","0 awards"
"Jevon Carter","CHI",36,8.9,0.377,0.3,1.1,1.1,0.5,4.3,6,0,0,6.8095,0,1,0,0,0,1,0,0,"Age_2","0 awards"
"Micah Potter","UTA",38,18.6,0.422,0.5,4.3,0.8,0.8,4.3,4.1,0,0,NA,1,0,0,0,0,0,0,0,"Age_1","0 awards"
"Terrence Shannon Jr.","MIN",32,10.6,0.482,0.7,1.5,1,0.4,4.3,3.6,0,0,3.51,1,0,0,0,0,0,0,1,"Age_1","0 awards"
"Daniel Theis","NOP",38,16.3,0.473,1,4.3,1.6,1,4.3,3.55,0,0,NA,0,0,1,0,0,0,0,0,"Age_3","0 awards"
"Torrey Craig","2TM",26,12.1,0.422,0.5,2.8,0.7,0.8,4.2,NA,0,0,NA,0,0,1,0,0,0,1,0,"Age_3","0 awards"
"Wendell Moore Jr.","2TM",36,13.9,0.468,0.6,2.6,1.2,0.7,4.2,NA,0,0,NA,1,0,0,0,0,0,0,1,"Age_1","0 awards"
"Dominick Barlow","ATL",35,10.7,0.531,0.9,2.4,0.5,0.8,4.2,5,0,0,NA,0,0,0,0,1,0,0,0,NA,"0 awards"
"Kessler Edwards","DAL",40,15.2,0.496,0.3,2.9,1.1,1,4.2,5.1,0,0,NA,1,0,0,0,0,0,1,0,"Age_1","0 awards"
"Oso Ighodaro","PHO",61,17.1,0.604,0.8,3.6,1.2,1,4.2,5.43,0,0,2.2462,1,0,0,0,1,0,0,0,"Age_1","0 awards"
"Kris Murray","POR",69,15.1,0.419,0.8,2.6,1,0.7,4.2,4.25,0,0,4.2235,1,0,0,0,0,0,1,0,"Age_1","0 awards"
"Duop Reath","POR",46,10.2,0.422,0.5,2,0.6,0.6,4.2,4.25,0,0,2.2217,0,1,0,0,0,0,0,0,"Age_2","0 awards"
"Cam Spencer","MEM",25,10.1,0.415,0.8,1.2,1.4,0.4,4.2,3.5,0,0,2.5991,1,0,0,0,0,0,0,1,"Age_1","0 awards"
"Maxwell Lewis","2TM",28,11.7,0.417,0.4,2,0.7,0.6,4.1,NA,0,0,NA,1,0,0,0,0,0,1,0,"Age_1","0 awards"
"Jaylen Clark","MIN",40,13.1,0.467,0.9,1.3,0.7,1,4.1,3.6,0,0,2.1919,1,0,0,0,0,0,0,1,"Age_1","0 awards"
"Caleb Houstan","ORL",58,13.6,0.421,0.3,1.3,0.6,0.5,4.1,3.9,0,0,NA,1,0,0,0,0,0,1,0,"Age_1","0 awards"
"Jordan Miller","LAC",37,11.4,0.433,0.9,1.6,0.9,0.6,4.1,7.5,0,0,NA,1,0,0,0,0,0,1,0,"Age_1","0 awards"
"Jalen Pickett","DEN",49,13.6,0.428,0.2,1.4,2.2,0.5,4.1,4.6,0,0,2.3139,1,0,0,0,0,0,0,1,"Age_1","0 awards"
"Paul Reed","DET",45,9.7,0.507,0.9,2.7,1,1.5,4.1,3.65,0,0,5.4693,1,0,0,0,0,0,0,0,"Age_1","0 awards"
"Gui Santos","GSW",56,13.6,0.458,0.8,3.1,1.4,0.6,4.1,11,0,0,2.2217,1,0,0,0,1,0,0,0,"Age_1","0 awards"
"Jarred Vanderbilt","LAL",36,16.1,0.488,1,5.1,1.1,1.3,4.1,10,0,0,12.4286,1,0,0,0,1,0,0,0,"Age_1","0 awards"
"Colby Jones","2TM",39,13.2,0.457,0.9,2.2,1.1,1,4,NA,0,0,NA,1,0,0,0,0,0,0,1,"Age_1","0 awards"
"Nicolas Batum","LAC",78,17.5,0.437,0.3,2.8,1.1,1.2,4,7.5,0,0,5.7416,0,0,0,1,1,0,0,0,"Age_4","0 awards"
"Malachi Flynn","CHO",4,11,0.385,1.5,1.8,1.8,0.8,4,3.8,0,0,NA,1,0,0,0,0,1,0,0,"Age_1","0 awards"
"Ron Harper Jr.","DET",1,17,0.125,2,7,2,0,4,3.65,0,0,NA,1,0,0,0,0,0,1,0,"Age_1","0 awards"
"Josh Richardson","MIA",8,18.8,0.289,0.5,1.5,1.5,1.1,4,5.7,0,0,NA,0,1,0,0,0,0,0,1,"Age_2","0 awards"
"Steven Adams","HOU",58,13.7,0.545,1.6,5.6,1.1,0.9,3.9,5.9,0,0,13,0,1,0,0,0,0,0,0,"Age_2","0 awards"
"Kyle Lowry","PHI",35,18.8,0.35,0.9,1.9,2.7,1.2,3.9,5.45,0,0,2.2963,0,0,0,1,0,1,0,0,"Age_4","0 awards"
"Olivier-Maxence Prosper","DAL",52,11.2,0.402,1.5,2.4,0.8,0.6,3.9,5.1,0,0,1.0024,1,0,0,0,1,0,0,0,"Age_1","0 awards"
"Patty Mills","2TM",29,11.1,0.375,0.5,0.8,0.9,0.5,3.8,NA,0,0,NA,0,0,0,1,0,1,0,0,"Age_4","0 awards"
"Branden Carlson","OKC",32,7.7,0.443,0.6,1.7,0.4,0.9,3.8,4.35,0,0,NA,1,0,0,0,0,0,0,0,"Age_1","0 awards"
"Devin Carter","SAC",36,11,0.37,1.2,2.1,1.1,0.7,3.8,4.45,0,0,5.8176,1,0,0,0,0,1,0,0,"Age_1","0 awards"
"Ousmane Dieng","OKC",37,10.9,0.432,0.4,2.2,0.8,0.7,3.8,4.35,0,0,6.6709,0,0,0,0,0,0,0,0,NA,"0 awards"
"Markieff Morris","2TM",15,11,0.3,0.4,1.5,1.4,0.3,3.7,NA,0,0,NA,0,0,0,1,1,0,0,0,"Age_4","0 awards"
"Emoni Bates","CLE",10,7.5,0.342,0,0.7,0.8,0.2,3.7,4.8,0,0,NA,0,0,0,0,0,0,1,0,NA,"0 awards"
"DeAndre Jordan","DEN",56,12.3,0.65,1.1,5.1,0.9,0.8,3.7,4.6,0,0,NA,0,0,0,1,0,0,0,0,"Age_4","0 awards"
"Craig Porter Jr.","CLE",51,10.1,0.514,0.6,1.3,1.4,0.6,3.7,4.8,0,0,2.3139,1,0,0,0,0,1,0,0,"Age_1","0 awards"
"Jackson Rowe","GSW",6,8.7,0.471,1,1.8,0.7,0.7,3.7,11,0,0,NA,0,1,0,0,1,0,0,0,"Age_2","0 awards"
"Blake Wesley","SAS",58,11.8,0.435,1.1,1.1,2,0.7,3.7,4.4,0,0,7.0226,0,0,0,0,0,0,0,1,NA,"0 awards"
"JT Thor","2TM",20,12.5,0.424,1.1,2.4,0.3,0.9,3.6,NA,0,0,NA,1,0,0,0,1,0,0,0,"Age_1","0 awards"
"Baylor Scheierman","BOS",31,12.4,0.355,0.4,2.1,1.1,0.6,3.6,6.7,0,0,3.4387,1,0,0,0,0,0,0,1,"Age_1","0 awards"
"Jae'Sean Tate","HOU",52,11.3,0.473,0.9,2.3,0.9,0.6,3.6,5.9,0,0,2.2963,0,1,0,0,0,0,1,0,"Age_2","0 awards"
"Jaylon Tyson","CLE",47,9.6,0.43,0.5,2,0.9,0.4,3.6,4.8,0,0,4.2642,1,0,0,0,0,0,0,1,"Age_1","0 awards"
"Elfrid Payton","2TM",24,21.3,0.328,0.3,3.3,6.9,1.5,3.5,NA,0,0,NA,0,1,0,0,0,1,0,0,"Age_2","0 awards"
"Luka Garza","MIN",39,5.6,0.495,0.9,1.4,0.3,0.3,3.5,3.6,0,0,2.6314,1,0,0,0,0,0,0,0,"Age_1","0 awards"
"Cory Joseph","ORL",50,12.2,0.403,0.4,1.5,1.4,0.6,3.5,3.9,0,0,NA,0,0,1,0,0,1,0,0,"Age_3","0 awards"
"Doug McDermott","SAC",42,8.1,0.427,0.1,0.5,0.2,0.1,3.5,4.45,0,0,2.2963,0,0,1,0,0,0,1,0,"Age_3","0 awards"
"Dario Šarić","DEN",16,13.1,0.362,0.6,3.1,1.4,0.5,3.5,4.6,0,0,5.4264,0,1,0,0,0,0,0,0,"Age_2","0 awards"
"Jamaree Bouyea","MIL",5,12.4,0.5,1.2,1,2,1.2,3.4,4.3,0,0,NA,1,0,0,0,0,1,0,0,"Age_1","0 awards"
"Bruno Fernando","TOR",17,8.6,0.531,0.5,3,1.1,0.7,3.4,5.4,0,0,NA,1,0,0,0,0,0,0,0,"Age_1","0 awards"
"Andre Jackson Jr.","MIL",67,14.6,0.477,0.4,2.7,1.2,0.7,3.4,4.3,0,0,2.3139,1,0,0,0,0,0,0,1,"Age_1","0 awards"
"Isaac Jones","SAC",40,7.6,0.651,0.9,1.4,0.3,0.4,3.4,4.45,0,0,1.9554,1,0,0,0,1,0,0,0,"Age_1","0 awards"
"Kevin Knox","GSW",14,6,0.5,0.6,1.2,0.4,0.4,3.3,11,0,0,NA,1,0,0,0,0,0,1,0,"Age_1","0 awards"
"Damion Lee","PHO",25,5.8,0.365,0.8,0.8,0.4,0.2,3.3,5.43,0,0,NA,0,0,1,0,0,0,0,1,"Age_3","0 awards"
"Jeenathan Williams","HOU",20,7.4,0.435,0.4,0.7,0.5,0.6,3.3,5.9,0,0,NA,1,0,0,0,0,0,0,1,"Age_1","0 awards"
"Elijah Harkless","UTA",10,13.8,0.314,0.6,2.1,0.8,1.1,3.2,4.1,0,0,NA,1,0,0,0,0,0,0,1,"Age_1","0 awards"
"Zeke Nnaji","DEN",57,10.7,0.496,0.8,1.6,0.4,1.1,3.2,4.6,0,0,7.7037,1,0,0,0,1,0,0,0,"Age_1","0 awards"
"Cam Reddish","LAL",33,17.8,0.404,0.8,2,0.7,1.3,3.2,10,0,0,NA,1,0,0,0,0,0,1,0,"Age_1","0 awards"
"Delon Wright","2TM",40,15.9,0.344,0.6,1.7,1.9,1.2,3.1,NA,0,0,NA,0,0,1,0,0,1,0,0,"Age_3","0 awards"
"Kylor Kelley","2TM",11,11.5,0.636,0.9,3.5,0.5,0.4,3.1,NA,0,0,NA,0,1,0,0,0,0,0,0,"Age_2","0 awards"
"Gary Harris","ORL",48,14.8,0.383,0.3,1.3,0.6,0.8,3,3.9,0,0,3.725,0,1,0,0,0,0,0,1,"Age_2","0 awards"
"Maxi Kleber","DAL",34,18.7,0.385,0.6,2.8,1.3,0.8,3,5.1,0,0,11,0,0,1,0,1,0,0,0,"Age_3","0 awards"
"Taze Moore","POR",2,10,0.2,1,4,0.5,1,3,4.25,0,0,NA,1,0,0,0,0,0,0,1,"Age_1","0 awards"
"Rayan Rupert","POR",52,8.8,0.408,0.6,1.3,0.5,0.4,3,4.25,0,0,2.2217,0,0,0,0,0,0,0,1,NA,"0 awards"
"P.J. Tucker","NYK",3,19.3,0.429,0,2.7,0,0.6,3,9.75,0,0,3.469,0,0,0,1,0,0,1,0,"Age_4","0 awards"
"Pete Nance","2TM",13,10.6,0.438,0.2,1.6,0.8,0.4,2.9,NA,0,0,NA,1,0,0,0,0,0,0,0,"Age_1","0 awards"
"Markelle Fultz","SAC",21,8.8,0.418,0,1,1.3,0.6,2.9,4.45,0,0,NA,1,0,0,0,0,1,0,0,"Age_1","0 awards"
"Taj Gibson","CHO",37,11.1,0.495,0.5,3.2,0.6,0.7,2.9,3.8,0,0,NA,0,0,0,1,0,0,0,0,"Age_4","0 awards"
"Tyler Smith","MIL",23,5.3,0.48,0.3,1.1,0.2,0.3,2.9,4.3,0,0,2.1258,0,0,0,0,1,0,0,0,NA,"0 awards"
"RayJ Dennis","IND",11,6.4,0.333,0.2,1.1,1.3,0.8,2.7,4.2,0,0,NA,1,0,0,0,0,1,0,0,"Age_1","0 awards"
"David Duke Jr.","SAS",6,5.7,0.429,0.3,0.8,0.7,0.2,2.7,4.4,0,0,NA,1,0,0,0,0,0,0,1,"Age_1","0 awards"
"Keshad Johnson","MIA",16,6.1,0.692,0.6,1.8,0.3,0.6,2.7,5.7,0,0,1.9554,1,0,0,0,0,0,1,0,"Age_1","0 awards"
"Reece Beekman","2TM",36,13,0.327,0.6,1.1,1.8,1,2.6,NA,0,0,NA,1,0,0,0,0,1,0,0,"Age_1","0 awards"
"Jae Crowder","SAC",9,11.4,0.318,0.7,2.2,0.7,0.3,2.6,4.45,0,0,NA,0,0,1,0,1,0,0,0,"Age_3","0 awards"
"Josh Minott","MIN",46,6,0.489,0.4,1,0.4,0.6,2.6,3.6,0,0,2.4817,1,0,0,0,0,0,1,0,"Age_1","0 awards"
"Hunter Tyson","DEN",51,7.8,0.375,0.5,1.5,0.4,0.3,2.6,4.6,0,0,2.3139,1,0,0,0,1,0,0,0,"Age_1","0 awards"
"Jaden Springer","2TM",43,8.5,0.389,0.9,1.3,0.8,0.7,2.5,NA,0,0,0.0707,1,0,0,0,0,1,0,0,"Age_1","0 awards"
"Trey Jemison","2TM",38,10.3,0.554,0.9,2.8,0.4,0.6,2.5,NA,0,0,NA,1,0,0,0,0,0,0,0,"Age_1","0 awards"
"Anthony Gill","WAS",51,7.8,0.489,1,1.3,0.3,0.2,2.5,4.7,0,0,2.2963,0,0,1,0,1,0,0,0,"Age_3","0 awards"
"Dillon Jones","OKC",54,10.2,0.383,0.5,2.2,1.1,0.4,2.5,4.35,0,0,2.7533,1,0,0,0,0,0,1,0,"Age_1","0 awards"
"Pat Spencer","GSW",39,6.4,0.406,0.4,1.2,1.2,0.5,2.5,11,0,0,NA,0,1,0,0,0,1,0,0,"Age_2","0 awards"
"Johnny Davis","WAS",34,7.1,0.41,0.4,1.1,0.3,0.6,2.4,4.7,0,0,NA,1,0,0,0,0,0,0,1,"Age_1","0 awards"
"Christian Koloko","LAL",37,9.2,0.606,0.4,2.5,0.4,0.6,2.4,10,0,0,NA,1,0,0,0,0,0,0,0,"Age_1","0 awards"
"John Konchar","MEM",46,12.1,0.451,0.2,3.3,0.9,1,2.4,3.5,0,0,6.165,0,1,0,0,0,0,0,1,"Age_2","0 awards"
"MarJon Beauchamp","3TM",35,4.5,0.415,0.6,1.3,0.3,0.1,2.3,NA,0,0,NA,1,0,0,0,0,0,1,0,"Age_1","0 awards"
"Bronny James","LAL",27,6.7,0.313,0.5,0.7,0.8,0.4,2.3,10,0,0,2.2462,0,0,0,0,0,0,0,1,NA,"0 awards"
"Mason Jones","SAC",10,4.5,0.5,0.5,0.9,1.1,0.1,2.3,4.45,0,0,NA,1,0,0,0,0,0,0,1,"Age_1","0 awards"
"Miles Norris","BOS",3,11.7,0.222,0.7,3,0,1,2.3,6.7,0,0,NA,1,0,0,0,1,0,0,0,"Age_1","0 awards"
"Patrick Baldwin Jr.","2TM",24,4.5,0.543,0.2,1,0.1,0.2,2.2,NA,0,0,NA,1,0,0,0,0,0,1,0,"Age_1","0 awards"
"Drew Peterson","BOS",25,7.4,0.415,0.4,1.6,0.5,0.3,2.2,6.7,0,0,NA,1,0,0,0,1,0,0,0,"Age_1","0 awards"
"TyTy Washington Jr.","PHO",16,7.4,0.311,0.4,0.8,1,0.2,2.2,5.43,0,0,NA,1,0,0,0,0,1,0,0,"Age_1","0 awards"
"Jordan McLaughlin","2TM",46,6.8,0.431,0.5,0.7,1.1,0.3,2.1,NA,0,0,2.2963,0,1,0,0,0,1,0,0,"Age_2","0 awards"
"JD Davison","BOS",16,5.8,0.353,0.4,0.8,0.8,0.4,2.1,6.7,0,0,2.2707,1,0,0,0,0,1,0,0,"Age_1","0 awards"
"Chris Duarte","CHI",17,4.4,0.462,0.5,1.2,0.5,0,2.1,6,0,0,NA,0,1,0,0,0,0,0,1,"Age_2","0 awards"
"Enrique Freeman","IND",22,8.2,0.432,0.9,1.4,0.4,0.2,2.1,4.2,0,0,NA,1,0,0,0,1,0,0,0,"Age_1","0 awards"
"Johnny Furphy","IND",50,7.6,0.38,0.4,1.4,0.4,0.6,2.1,4.2,0,0,2.2462,0,0,0,0,0,0,0,1,NA,"0 awards"
"Dwight Powell","DAL",55,10,0.689,0.8,2.1,1,0.7,2.1,5.1,0,0,4,0,0,1,0,0,0,0,0,"Age_3","0 awards"
"Josh Christopher","MIA",14,4.9,0.355,0.4,0.6,0.6,0.6,2,5.7,0,0,NA,1,0,0,0,0,0,0,1,"Age_1","0 awards"
"Tyler Kolek","NYK",41,7.2,0.329,0.4,0.7,1.7,0.4,2,9.75,0,0,2.3251,1,0,0,0,0,1,0,0,"Age_1","0 awards"
"Adama Sanogo","CHI",4,5.3,0.571,0,1.5,0.3,0,2,6,0,0,NA,1,0,0,0,0,0,0,0,"Age_1","0 awards"
"Kobe Brown","LAC",40,6.8,0.458,0.2,1.6,0.6,0.3,1.9,7.5,0,0,3.7235,1,0,0,0,1,0,0,0,"Age_1","0 awards"
"Ariel Hukporti","NYK",25,8.7,0.677,0.5,2,0.4,0.6,1.9,9.75,0,0,1.9554,1,0,0,0,0,0,0,0,"Age_1","0 awards"
"Bobi Klintman","DET",8,5.3,0.6,0.3,0.9,0.9,0.4,1.9,3.65,0,0,2.2462,0,0,0,0,0,0,1,0,NA,"0 awards"
"Garrett Temple","TOR",28,8.1,0.3,0.4,1,1.1,0.7,1.9,5.4,0,0,2.2963,0,0,0,1,0,0,0,1,"Age_4","0 awards"
"Jericho Sims","2TM",53,11.9,0.634,0.2,3.7,0.6,0.6,1.8,NA,0,0,2.6314,1,0,0,0,0,0,0,0,"Age_1","0 awards"
"Vlatko Čančar","DEN",13,10.5,0.385,0,2.5,0.7,0.4,1.8,4.6,0,0,NA,0,1,0,0,1,0,0,0,"Age_2","0 awards"
"Adam Flagler","OKC",37,5.5,0.26,0.1,0.7,0.3,0.3,1.8,4.35,0,0,NA,1,0,0,0,0,0,0,1,"Age_1","0 awards"
"Trentyn Flowers","LAC",6,4.5,0.364,0.5,0.7,0,0,1.8,7.5,0,0,NA,0,0,0,0,0,0,1,0,NA,"0 awards"
"E.J. Liddell","CHI",12,4.4,0.533,0.2,0.8,0.3,0.2,1.8,6,0,0,0.7069,1,0,0,0,1,0,0,0,"Age_1","0 awards"
"Jahmir Young","CHI",6,5,0.8,0.3,0.5,1,0,1.8,6,0,0,NA,1,0,0,0,0,1,0,0,"Age_1","0 awards"
"Pacome Dadiet","NYK",18,6.2,0.323,0.3,1,0.3,0.3,1.7,9.75,0,0,3.735,0,0,0,0,0,0,0,1,NA,"0 awards"
"Alex Ducas","OKC",21,6,0.4,0.1,1.2,0.2,0.2,1.7,4.35,0,0,NA,1,0,0,0,0,0,0,1,"Age_1","0 awards"
"PJ Hall","DEN",19,3.5,0.583,0.2,1.2,0.2,0.2,1.7,4.6,0,0,NA,1,0,0,0,0,0,0,0,"Age_1","0 awards"
"Emanuel Miller","CHI",6,4.2,0.5,0.3,1.3,0.3,0.2,1.7,6,0,0,NA,1,0,0,0,1,0,0,0,"Age_1","0 awards"
"Tristan Thompson","CLE",40,8.2,0.437,0.8,3.4,0.6,0.4,1.7,4.8,0,0,NA,0,0,1,0,0,0,0,0,"Age_3","0 awards"
"Alex Len","2TM",46,8.3,0.508,0.4,2.1,0.8,0.7,1.6,NA,0,0,NA,0,1,0,0,0,0,0,0,"Age_2","0 awards"
"Yuki Kawamura","MEM",22,4.2,0.367,0.4,0.5,0.9,0.1,1.6,3.5,0,0,NA,1,0,0,0,0,1,0,0,"Age_1","0 awards"
"Jack McVeigh","HOU",9,4.8,0.294,0,0.6,0.1,0.2,1.6,5.9,0,0,NA,0,1,0,0,1,0,0,0,"Age_2","0 awards"
"Armel Traoré","LAL",9,7.4,0.316,0.8,1.7,0.1,0.6,1.6,10,0,0,NA,1,0,0,0,0,0,1,0,"Age_1","0 awards"
"Jordan Walsh","BOS",52,7.8,0.361,0.2,1.3,0.4,0.4,1.6,6.7,0,0,2.3139,0,0,0,0,1,0,0,0,NA,"0 awards"
"Phillip Wheeler","PHI",5,8.8,0.143,0.4,1.6,0.4,0.6,1.6,5.45,0,0,NA,1,0,0,0,1,0,0,0,"Age_1","0 awards"
"Sidy Cissoko","2TM",22,5.2,0.433,0.4,1,0.7,0.1,1.5,NA,0,0,NA,0,0,0,0,0,0,1,0,NA,"0 awards"
"Jazian Gortman","DAL",16,3.6,0.391,0.3,0.3,0.4,0.2,1.5,5.1,0,0,NA,0,0,0,0,0,1,0,0,NA,"0 awards"
"Kevin McCullar Jr.","NYK",4,7.3,0.286,0.5,2,0.5,0.6,1.5,9.75,0,0,NA,1,0,0,0,0,0,1,0,"Age_1","0 awards"
"Leonard Miller","MIN",13,2.5,0.4,0.6,0.8,0,0.3,1.5,3.6,0,0,2.3139,0,0,0,0,0,0,1,0,NA,"0 awards"
"Quincy Olivari","LAL",2,5,0.2,0,0,0.5,0,1.5,10,0,0,NA,1,0,0,0,0,1,0,0,"Age_1","0 awards"
"Matt Ryan","NYK",19,3.6,0.323,0.1,0.4,0.2,0.1,1.5,9.75,0,0,NA,0,1,0,0,0,0,1,0,"Age_2","0 awards"
"Jacob Toppin","2TM",17,4.5,0.409,0,0.9,0.4,0.1,1.4,NA,0,0,NA,1,0,0,0,0,0,1,0,"Age_1","0 awards"
"Cam Christie","LAC",13,4.5,0.292,0.3,0.9,0.5,0.5,1.4,7.5,0,0,2.2462,0,0,0,0,0,0,0,1,NA,"0 awards"
"Chris Livingston","MIL",21,5,0.333,0.8,1.7,0.2,0.2,1.4,4.3,0,0,NA,0,0,0,0,0,0,1,0,NA,"0 awards"
"Trey Alexander","DEN",24,4.9,0.317,0.2,0.5,0.5,0.1,1.3,4.6,0,0,NA,0,0,0,0,0,0,0,1,NA,"0 awards"
"Spencer Jones","DEN",20,6.3,0.324,0.2,0.9,0.3,0.6,1.3,4.6,0,0,NA,1,0,0,0,0,0,1,0,"Age_1","0 awards"
"Skal Labissière","SAC",4,3,0.5,0,0.8,0.3,0,1.3,4.45,0,0,NA,0,1,0,0,1,0,0,0,"Age_2","0 awards"
"Jalen Bridges","PHO",8,3.8,0.286,0.5,0.5,0,0,1.1,5.43,0,0,NA,1,0,0,0,0,0,1,0,"Age_1","0 awards"
"Yuri Collins","GSW",2,8,0.333,0,1.5,2,1,1,11,0,0,NA,1,0,0,0,0,1,0,0,"Age_1","0 awards"
"Daniss Jenkins","DET",7,3.3,0.3,0.3,0.3,0.4,0,1,3.65,0,0,NA,1,0,0,0,0,1,0,0,"Age_1","0 awards"
"Braxton Key","GSW",3,3.7,0,2,0.7,0,0.7,1,11,0,0,NA,0,1,0,0,0,0,1,0,"Age_2","0 awards"
"Bryce McGowens","POR",13,2.5,0.286,0.5,0.2,0.2,0.1,1,4.25,0,0,NA,1,0,0,0,0,0,0,1,"Age_1","0 awards"
"Xavier Tillman Sr.","BOS",33,7,0.245,0.1,1.3,0.2,0.5,1,6.7,0,0,2.5467,1,0,0,0,0,0,0,0,"Age_1","0 awards"
"Luke Travers","CLE",12,7.3,0.25,0.2,1.7,0.7,0.2,1,4.8,0,0,NA,1,0,0,0,0,0,0,1,"Age_1","0 awards"
"Isaiah Crawford","SAC",15,3.1,0.455,0.3,0.5,0.1,0.2,0.9,4.45,0,0,NA,1,0,0,0,0,0,1,0,"Age_1","0 awards"
"Justin Minaya","POR",19,5.3,0.381,0.1,0.5,0.4,0.4,0.9,4.25,0,0,NA,1,0,0,0,0,0,1,0,"Age_1","0 awards"
"Anton Watson","NYK",9,2.4,0.444,0,0.3,0.2,0.1,0.9,9.75,0,0,NA,1,0,0,0,0,0,1,0,"Age_1","0 awards"
"D.J. Carton","TOR",4,8.3,0.143,0.3,1,0.8,0.5,0.8,5.4,0,0,NA,1,0,0,0,0,0,0,1,"Age_1","0 awards"
"PJ Dozier","MIN",9,3.9,0.667,0.7,0.6,0.6,0.1,0.8,3.6,0,0,NA,0,1,0,0,0,0,0,1,"Age_2","0 awards"
"Joe Ingles","MIN",19,6,0.261,0,0.6,1.2,0.1,0.8,3.6,0,0,2.2963,0,0,0,1,0,0,1,0,"Age_4","0 awards"
"Harrison Ingram","SAS",5,7,0.5,0,1.8,0.6,0.6,0.8,4.4,0,0,NA,1,0,0,0,0,0,1,0,"Age_1","0 awards"
"Ulrich Chomche","TOR",7,4.6,0.4,0.3,1.1,0.3,0.1,0.7,5.4,0,0,NA,0,0,0,0,1,0,0,0,NA,"0 awards"
"James Johnson","IND",12,3.1,0.364,0.1,0.5,0.3,0.2,0.7,4.2,0,0,NA,0,0,0,1,1,0,0,0,"Age_4","0 awards"
"Liam Robbins","MIL",13,4.4,0.25,0.8,0.9,0.2,0.4,0.7,4.3,0,0,NA,1,0,0,0,0,0,0,0,"Age_1","0 awards"
"Stanley Umude","MIL",22,3.9,0.192,0.2,0.8,0.2,0.4,0.7,4.3,0,0,NA,1,0,0,0,0,0,0,1,"Age_1","0 awards"
"Cui Yongxi","BRK",5,2,0.143,0.4,0.4,0,0,0.6,5.6,0,0,NA,0,0,0,0,0,0,0,1,NA,"0 awards"
"Tristen Newton","2TM",8,2,0.125,0.1,0.5,0.3,0.1,0.4,NA,0,0,NA,1,0,0,0,0,0,0,1,"Age_1","0 awards"
"Malevy Leons","OKC",6,3.5,0,0.7,0.5,0.2,0,0.3,4.35,0,0,NA,1,0,0,0,0,0,1,0,"Age_1","0 awards"
"Daishen Nix","MIN",3,4.3,0,0.7,1.3,1,0,0.3,3.6,0,0,NA,1,0,0,0,0,1,0,0,"Age_1","0 awards"
"Terence Davis","SAC",1,8,0,0,1,1,0,0,4.45,0,0,NA,0,1,0,0,0,0,0,1,"Age_2","0 awards"
"Jesse Edwards","MIN",2,2.5,NA,0,0,0.5,0,0,3.6,0,0,NA,1,0,0,0,0,0,0,0,"Age_1","0 awards"
"Mac McClung","ORL",2,5,0,0,0.5,1.5,0,0,3.9,0,0,NA,1,0,0,0,0,0,0,1,"Age_1","0 awards"
"Jalen McDaniels","WAS",4,1.8,NA,0,0,0.3,0.3,0,4.7,0,0,NA,0,1,0,0,0,0,1,0,"Age_2","0 awards"
"Riley Minix","SAS",1,7,0,0,2,0,0,0,4.4,0,0,NA,1,0,0,0,0,0,1,0,"Age_1","0 awards"
"Jahlil Okafor","IND",1,3,NA,0,1,1,0,0,4.2,0,0,NA,0,1,0,0,0,0,0,0,"Age_2","0 awards"
"Zyon Pullin","MEM",3,1,0,0,0,0,0,0,3.5,0,0,NA,1,0,0,0,0,0,0,1,"Age_1","0 awards"
"Isaiah Stevens","MIA",3,2,0,0,0.7,0,0.3,0,5.7,0,0,NA,1,0,0,0,0,1,0,0,"Age_1","0 awards"
"Terry Taylor","SAC",3,2,0,0,0.3,0.7,0,0,4.45,0,0,NA,1,0,0,0,1,0,0,0,"Age_1","0 awards"
"League Average","",NA,NA,0.467,NA,NA,NA,NA,NA,NA,0,0,NA,0,0,0,0,0,0,0,0,NA,"0 awards"
